Chain,AA,PSI,PHI
A,F,154.21272989593928,-140.62501014676823
A,V,148.0021192106603,-131.21340380795826
A,A,130.868395866063,-82.6414196777028
A,L,-28.310215453604158,-93.61065889975059
A,Y,165.1725079994376,-142.08246704640905
A,D,140.5190125404916,-82.88279311384457
A,F,118.20101105664975,-133.7185708690865
A,V,124.64830842865595,-92.82489481226565
A,A,127.5827778239755,-61.5960170364166
A,S,-92.88910408540877,-109.85942175082913
A,G,-171.75509203029068,-122.804111994846
A,D,35.32250095163519,65.14308483147619
A,N,64.24024044503116,29.673086558254973
A,T,177.45287991156272,-84.9066921617275
A,L,151.3523416151221,-127.43924687803707
A,S,139.97360451122853,-91.96451371560019
A,I,144.87323111546664,-140.4480349417001
A,T,157.59451609366735,-112.27735152532941
A,K,142.9045568873813,-60.927841075696044
A,G,8.192761561118814,72.25124527921494
A,E,146.401279122975,-76.27619547819101
A,K,124.97781867748057,-94.71175482056869
A,L,157.34296956630996,-138.07078306371233
A,R,121.55725196043491,-120.71669718297221
A,V,128.38413246323105,-82.64172205479245
A,L,-24.039276813396416,-99.82906041227487
A,G,173.66007402147514,170.0194375047183
A,Y,-170.8784302692562,-110.741456605881
A,N,-3.550736751043065,-108.18905264261244
A,H,-67.68124200615368,115.9995313652586
A,N,-7.878974987835637,-72.35235391933018
A,G,7.829193297395706,82.61803605959074
A,E,-19.42221198967138,-77.06939026532342
A,W,143.08973219209568,-137.1475789514636
A,C,141.28758569233048,-117.91478481389797
A,E,112.61924937877022,-93.42458533176682
A,A,170.99285473084228,-123.45000759725181
A,Q,138.944228780392,-132.59096812616107
A,T,-166.12089250291717,-136.49834269890664
A,K,2.5116388398916243,-79.7714521547355
A,N,-13.734967034919764,-115.35383022765502
A,G,-151.2518315165938,155.0470134398439
A,Q,131.98460592391575,-148.6057899861999
A,G,-179.46195837490467,178.11118967340454
A,W,128.01102792525606,-82.42417071338332
A,V,148.8525551155402,-129.40769444475634
A,P,147.23979145981167,-60.59735601211762
A,S,-54.11765108150603,-62.1023868952725
A,N,2.771938386526188,-69.46389856427835
A,Y,-13.321147608656336,-90.13364736890952
A,I,161.6941202728077,-122.93662581655698
A,T,124.36563599814602,-130.8419942873951
A,P,-10.223998757734645,-58.527957571583386
A,V,-176.52553401161447,-68.16168721097617
