Chain,AA,PSI,PHI
A,S,163.02965354028603,-144.32651329635482
A,P,-15.365696379716875,-61.646171327643195
A,A,-3.6817525490777867,-97.57267543651393
A,I,-37.047067248545474,-65.96145157452108
A,R,-47.97834724070849,-65.45761325115099
A,R,-12.56699681733836,-72.63237564881368
A,L,-31.771313096839044,-66.49978513352315
A,L,-30.312016607465942,-81.24609099214058
A,A,-8.237604797262817,-87.21253246209614
A,E,-44.91613078650307,-87.46244946128799
A,H,0.9218628861462895,-97.88615427896052
A,N,89.57684499624547,50.809491839554305
A,L,139.1653810098583,-143.21844407188502
A,D,109.97723335756852,-87.65418892861446
A,A,-16.50682195246787,-62.42719517511152
A,S,-28.009546201483097,-61.41616221731801
A,A,-13.078663052635862,-85.75121033601141
A,I,145.31003562227556,-97.36021355527869
A,K,122.25285533564093,-95.00588967625073
A,G,84.21777596755462,-94.89661349679203
A,T,32.43098708735788,-78.37932354495614
A,G,176.7783814672836,-62.86521714738446
A,V,78.18338465539293,-68.03095242107072
A,G,13.879452568360465,123.56320415396782
A,G,30.267398613240182,86.1651206004686
A,R,161.95108815182718,-93.61952910431262
A,L,112.58516305167133,-96.51397332868434
A,T,-165.1786679860338,-96.84005088984337
A,R,-26.09234551011243,-94.63508619686581
A,E,-1.0953503699344387,-73.3669920090001
A,D,-52.664690119469974,-98.3748141885396
A,V,-32.819972027006926,-69.34750370729775
A,E,-55.9521813686797,-55.02293627387538
A,K,-32.22991624506845,-47.68610352072318
A,H,-38.73690106968134,-73.31680807773866
