Chain,AA,PSI,PHI
A,Q,171.58677246877772,-106.85368128956024
A,S,178.72441046275907,-114.17213078343715
A,H,141.0576563124505,-61.57011466210541
A,Y,21.543781038414686,63.77661872607351
A,G,153.29683435525195,-94.58521918734469
A,Q,111.50150320218061,-80.6657382588018
A,C,-23.025380653093684,-98.16379029477531
A,G,-163.6375227081863,-150.03163290862094
A,G,134.01780271828346,109.60635039519049
A,I,150.14358364052075,-48.72989778634107
A,G,-8.453285723094382,79.90390372920496
A,Y,126.76270816739934,-89.34587848576398
A,S,42.778586179499214,-123.08641849107842
A,G,176.1676144475186,-122.08502840161499
A,P,156.6778706179318,-61.539028155387655
A,T,15.29273189693339,-119.50562853351785
A,V,113.67808870922717,-94.74107236167113
A,C,150.29702452123675,-75.09259893044234
A,A,159.02717965390028,-54.156995819705685
A,S,148.41749308272253,-56.67029076709355
A,G,-17.104162766429436,88.64684650453931
A,T,174.56934587648362,-117.60445883058817
A,T,163.93631366570327,-144.41881876819426
A,C,133.54815871830195,-87.72765733530089
A,Q,114.66996979649659,-130.75585700388953
A,V,122.34689479572641,-61.21022579712739
A,L,-63.67342526962838,-86.4960082202047
A,N,176.65015176855462,-139.7206452344104
A,P,25.034914692749,-68.52448774737371
A,Y,11.86027735018558,-152.29528297149545
A,Y,130.83532893534186,-170.39308815694682
A,S,115.25158239549826,-133.38567072949667
A,Q,156.49216154228876,-93.69467009733683
A,C,114.06120166886166,-102.4093795686587
