Chain,AA,PSI,PHI
A,P,105.6665758732164,-96.89550737821092
A,E,38.50695994508662,-175.3247042498258
A,V,-72.51293209174317,-61.89964957159208
A,D,45.690664656195466,-161.35985858570587
A,N,85.76610497264238,-152.3010395569189
A,P,-54.11813500389999,-82.95315497528647
A,H,-33.51701068712886,-177.0594161592895
A,C,64.89707613124898,-141.1231066244166
A,P,-83.59935862197186,-67.30449011607816
A,N,79.50597309259014,-118.6585087411172
A,P,-13.5566104932238,-95.38314935808775
A,W,-31.484633717383726,-48.89965114930017
A,L,-18.849609413127666,-131.68295491866348
A,N,-48.285015467415,-54.61517520476689
A,E,-30.210939805014707,-61.607274552086416
A,D,-22.94586046626653,-57.224297060220636
A,L,21.020122080333856,-161.63534425691347
A,V,-26.336635043287178,-97.18725508131713
A,K,-33.59534231764509,-72.38375082123073
A,S,-69.17042350900377,-66.68445541746448
A,L,39.71132274312285,-57.44328529506836
A,R,-63.618070970382924,-170.59757596390327
A,E,39.73196315267176,-77.09880202004018
A,N,3.378547729005388,-129.1995452834104
A,L,-37.711926321176385,-54.06989490115981
A,L,16.039275796905216,-148.67219102917005
A,Q,-3.4072930842915947,-109.62422021852501
A,H,4.8247653012048115,-80.92544322804838
A,E,-33.5371206657402,-94.82162590079153
A,K,-39.03254063395686,-33.005824312813026
A,S,-82.69526104967096,-73.76474506868281
A,K,49.78068483899076,-69.35710655104174
A,T,-30.27907102308504,-178.5681653411236
A,A,29.04505967661971,-137.7705613152268
A,R,-0.23397968727026885,-142.81648353206347
A,K,-96.30909090370984,-104.80723219509268
