Chain,AA,PSI,PHI
A,S,169.31758560160398,-101.24852301350272
A,C,160.2255523812929,-133.35999077544966
A,S,81.37790038917787,-98.48949885887465
A,S,101.36633889054283,12.981840123995125
A,L,83.84799408608063,51.52806817413304
A,M,-41.99215031769464,38.50853699044775
A,D,-155.48851735139417,5.22301495449451
A,K,6.832141978382924,-56.50982273301925
A,E,52.56263633763168,-165.78819197842859
A,C,-16.735841357829667,-136.01874399152743
A,V,125.31034708375377,-140.5909515552317
A,Y,-22.33649053729504,162.01251420523582
A,F,-75.50323823259072,-105.74004738940111
A,C,-51.337956498735124,-67.2849206817179
A,H,71.02672310824478,-85.67494089373075
A,L,-111.34949498463297,-136.68628772561703
A,D,-10.54187807245446,-64.73760377624812
A,I,-63.86875642610815,-72.67065028962938
A,I,149.38796993742912,-143.0989719051449
