Chain,AA,PSI,PHI
A,S,155.60774182167225,-154.73933971187466
A,C,177.68104358897418,-112.34932734952305
A,S,-53.201928078606485,-66.40650269302215
A,S,98.6177099201039,-123.15236264615996
A,L,-25.071029790123568,-51.05151505815944
A,M,-49.55065972338163,-58.31271483464856
A,D,96.64987177188695,-62.07387926033358
A,K,-31.340845464490208,-48.21554434770542
A,E,-47.044634911022754,-55.65992247476202
A,C,-21.735581493107972,-63.61821957598771
A,V,-55.655900012255216,-80.67040048043741
A,Y,-36.0247381371801,-42.01153443375089
A,F,-71.10391768947,-43.730920143444045
A,C,-22.919118388656834,-76.09291054713987
A,H,57.11054585110678,70.78796353592162
