Chain,AA,PSI,PHI
A,T,95.50139125782505,-73.58610333992195
A,T,-161.83028916831847,-70.04793350292321
A,H,163.1554182793012,-53.65314123661628
A,N,139.59357471112622,-136.55109472893108
A,F,110.42939531818877,-134.23063399432033
A,A,102.94835120172718,-126.92146646496411
A,R,109.76249496070959,-56.38712736527819
A,K,147.1457925329288,-159.74348369214013
A,T,149.96466266729868,-79.87847732628306
A,F,-170.60243227633347,-77.45760444789475
A,L,-57.258972154645456,-84.84244097119382
A,K,-81.62489585966027,-117.24544789641756
A,L,157.67752901997753,-143.85095951349425
A,A,-163.45962110621215,-143.6180711523762
A,F,125.02463932284098,-158.2327767971722
A,C,102.99411906011802,-71.70956383560484
A,D,-18.41924589603093,-60.11785407105081
A,I,-38.36698671512195,-82.04546995271623
A,C,-84.50782886810696,-88.60579123660105
A,Q,-17.26517746807475,166.0059305229958
A,K,-178.17605279360998,-118.92592421537034
A,F,172.21227630058044,-42.679421219908114
A,L,138.9411938727266,-118.86371360707533
A,L,-169.32983902588438,-118.92170457950836
A,N,99.25073295184951,-54.87826239178734
A,G,-124.88740278400658,-136.98223459783247
A,F,114.53506781680389,-129.03293514631525
A,R,139.23511226010316,-118.82303778335526
A,C,121.6974726809009,-76.72113718853241
A,Q,18.672359174780794,-88.66430534470229
A,T,-34.24375268119735,-114.79570298670268
A,C,-28.950301571424045,-113.70575428270088
A,G,43.540178679014936,100.05564150847133
A,Y,163.23084547479473,-92.92117705764677
A,K,133.77320209283627,-159.03225142043283
A,F,171.90907560019411,-175.3417877015064
A,H,-158.19789288144918,-94.1818306451417
A,E,-18.53094401901712,-73.51332379266955
A,H,-5.0784175617204275,-70.01821398428574
A,C,35.64154552875103,-134.0089740991534
A,S,-40.02651875689929,-93.14487185737752
A,T,-30.61139018517476,-115.39296905540998
A,K,-21.330855920159824,-60.54096151128071
A,V,120.69899049713474,-55.531203026310955
A,P,-87.64700808061768,-74.75607521140007
A,T,115.51719220782809,-66.88067919100695
A,M,175.4950106438094,-58.829370606979325
A,C,93.0088963861194,-79.93396558518783
A,V,41.24649541973658,-132.4374238437913
A,D,167.50628838902577,-82.64387594604231
