Chain,AA,PSI,PHI
A,D,-10.530262437293368,-98.69192661017586
A,G,44.96673370081961,-109.61725397558337
A,D,70.54128113399595,-112.69969289008961
A,Q,-7.800597331353309,-86.58999465526816
A,C,69.89962916596977,-113.49860113197423
A,E,-58.74084630747043,-100.7883288451528
A,S,56.95186002734769,-123.94112997420923
A,N,71.91721435810707,24.03104478506789
A,P,-37.66390947825753,-55.37708562419184
A,C,151.28098879092326,-57.247313778908534
A,L,172.82391491988884,-118.17087812644439
A,N,-36.488633461475985,88.44642892447926
A,G,59.24946842864983,127.98351184959922
A,G,-178.95994176844695,-111.31701079008552
A,S,158.18386507773462,-117.79983930237539
A,C,124.06016889637667,-111.46669903565258
A,K,152.68636427632404,-118.27094410862163
A,D,159.17390061989164,-107.57046605137984
A,D,-82.01079965185279,-118.31066729187532
A,I,-64.55615355348316,-131.4105767233488
A,N,-41.05246673743046,-115.19469140532338
A,S,-175.2113219474814,-105.52166948184215
A,Y,174.29506633184292,-116.89006275313041
A,E,133.80388180326622,-139.69229225809113
A,C,147.90153570586278,-100.07441183825242
A,W,113.18775655745489,-114.11605306483227
A,C,153.29704879142557,-102.7269498608781
A,P,167.3415182343269,-58.84018785341739
A,F,106.10790850621348,-68.06449955441636
A,G,-8.626296380633534,129.27119018806545
A,F,143.7311118113911,-117.90446422388035
A,E,179.01420122448496,-137.0177737097477
A,G,-172.69864166421397,123.50238616657687
A,K,-47.17576373992978,-80.32304901591577
A,N,45.18941218317908,-123.39126496666458
A,C,77.42307444753203,38.65293468509718
A,E,-17.769693574844023,-103.77882898408622
