Chain,AA,PSI,PHI
A,C,77.69547698176902,-74.21879362179625
A,E,123.91848308272351,-90.38817698037886
A,E,3.5287923732594906,-66.40227652120197
A,P,-21.65572404361264,-61.58503693988168
A,T,-54.95779814251366,-69.72686270465768
A,C,-28.223653807292923,-49.47053847613305
A,R,-55.43084629013855,-60.85105704208364
A,N,-39.57136290005869,-50.72810212746313
A,R,-22.79266580910691,-76.8443748681735
A,T,-40.45261389088446,-71.53265412581358
A,R,-45.30813782998232,-44.96214096164538
A,H,-23.370226746991726,-63.728649064613876
A,L,-54.38434911221047,-49.433901477474485
A,P,20.86240871093604,-66.38631974784849
A,L,69.98815355128686,-90.92960907982781
A,Q,65.69097591196795,-83.16633408921226
A,F,-47.35576616979816,-53.63408383899613
A,S,139.33737477717656,-73.96707854109708
A,R,89.41225833670045,-113.71315234088088
A,T,47.9767746789039,56.47438620783452
A,G,71.24842671830392,-135.6226545565171
A,P,69.97424925779791,-113.26771517452984
A,L,134.87030815495277,-127.23815340681844
A,C,90.67472404278823,-129.24407078302795
A,P,123.83996078218635,-55.24776105755403
A,A,47.02777940233298,-132.4003300374843
A,C,109.56865636345206,-60.784148744997275
A,M,60.151976999335474,-86.16879790668045
A,K,109.10836160849182,-141.93934132803892
