Chain,AA,PSI,PHI
A,S,124.6295773922991,-103.31923805669726
A,D,36.24110093340655,-131.2370191857013
A,R,-60.690736695688045,-40.770916856914766
A,F,166.22614434252313,-139.9168663992811
A,V,100.13710001096914,-100.41791753900262
A,K,57.95093986738269,75.92230153198769
A,G,-2.1710481625031295,40.0034850512272
A,T,178.17383017388133,-137.5476112488288
A,C,96.68278876204108,-86.14642980738161
A,P,-15.3023586686063,-63.14460675309451
A,K,-50.98816165426332,-88.28681781930543
A,C,11.223814150419365,-105.24633149388143
A,K,87.47257979267211,-2.046317843052886
A,S,103.08734184633538,-89.46756378630015
A,P,-51.76180613014764,-14.73779976193184
A,D,85.14281966811987,-134.34695563226015
A,Q,76.67289010302353,-94.68540998402293
A,Y,-54.61533609859599,-99.77686376721896
A,G,30.668872744159188,-125.43568664102413
A,D,36.28454199885052,-122.0743265221462
A,N,77.78534252908891,-5.790694580014932
A,C,96.79798761331718,5.824288304624538
A,E,39.448989960482336,-101.32543064731328
A,V,-55.78113266607748,-119.48281019258509
A,C,-43.55399867111602,-114.36134341823137
A,G,67.33481811108766,122.06036644703104
