Chain,AA,PSI,PHI
A,T,73.66374684418398,-142.96010244250908
A,L,121.13051571933214,-90.56938428109027
A,F,162.13927976334813,-117.84864070237458
A,V,152.46206170309878,-127.37452783719988
A,A,112.91349050913938,-82.6417729538831
A,L,-14.192451757641516,-71.1665285623919
A,Y,160.13675263462255,-150.8873666658481
A,D,153.14055370649078,-75.0741192217233
A,Y,138.20667505438675,-139.57153924832852
A,E,95.96638647998127,-109.28762111902435
A,A,123.34567747545032,-45.15203676215781
A,R,-3.3311173287149547,-106.35055882784897
A,T,169.9471197031181,-130.75709816583836
A,E,10.610657849056446,-84.09077049266486
A,D,-21.460789091813805,-111.70807062628506
A,D,171.00336650162825,-96.88108072278239
A,L,169.83659656403955,-115.73293986804003
A,S,140.22005750334628,-127.08137661057906
A,F,-169.18843659998026,-165.1927148942596
A,H,155.29888300776682,-129.08737052241554
A,K,122.23022847080048,-53.18008076171822
A,G,-6.982464941178354,119.67156429621322
A,E,155.24860385832983,-81.18674508648614
A,K,156.9474795715006,-100.90563424578916
A,F,147.0548994849555,-149.91765460704607
A,Q,99.43224031064167,-106.69434127903885
A,I,118.8533708939021,-67.29015804383516
A,L,-32.15046692442765,-106.40732791594203
A,N,101.36866422223923,-142.2763506672665
A,S,-72.57815030776314,-95.9664838099578
A,S,42.300279536170564,55.7005845888891
A,E,-162.5768880261445,40.39457411421871
A,G,-86.25860987158336,111.10551203012025
A,D,-31.028191859748496,170.59440577451474
A,W,106.8578523245184,-119.0436518001922
A,W,158.80701740274944,-90.31255288713703
A,E,107.00438811664718,-100.48803548309365
A,A,149.76441068739982,-117.00248882418835
A,R,126.71394368139546,-104.26110605576103
A,S,121.99835006748286,-69.6197302810067
A,L,-17.546998549876236,-77.92214172072553
A,T,-56.68400395788777,-83.61213426828407
A,T,-41.16648816712121,-84.24367634835198
A,G,-14.56224365806401,103.64530036612437
A,E,133.31344619966418,-76.96520623590555
A,T,148.3468663564196,-99.16648598576641
A,G,-158.9520128788443,-156.88216059617392
A,Y,110.47694514805315,-116.08413087434413
A,I,157.6226189329381,-105.98611308880766
A,P,124.41421331595525,-60.45753495718948
A,S,-33.6425867463778,-65.16749599025661
A,N,-9.352536305517622,-74.99960790837576
A,Y,6.901110788001783,-97.67057496287632
A,V,155.01862655873816,-133.19657355094708
A,A,148.56412251695508,-147.79432548367546
A,P,134.34651166091112,-60.96308222785712
