Chain,AA,PSI,PHI
A,F,-36.844371146827484,-55.47872175685116
A,V,-46.770307835200235,-53.27414658367706
A,Q,-40.14655226601987,-73.03749120180777
A,L,-46.271008537534776,-65.7986354739847
A,F,-40.962057228562514,-69.31812757114301
A,L,-35.981963518293256,-59.85073672908028
A,E,-29.734276282322778,-55.73290886877779
A,E,-31.35740697242743,-57.26888886377734
A,I,-30.071054397311507,-57.38622380097289
A,G,-7.140673389988345,100.94410157959472
A,C,112.18216721209703,-128.20684273010528
A,T,-15.419231085318081,-73.41555460635021
A,Q,-39.316756696733975,-50.47253475270249
A,Y,-30.548913488667104,-63.85016795508431
A,L,-41.05833484326002,-55.47890856796454
A,D,-37.39212962969094,-62.35804952056456
A,S,-40.12010122298006,-57.807762061297986
A,F,-39.729640758146836,-65.30783187740403
A,I,-35.40092733944799,-60.617834724302305
A,Q,-39.544644187571954,-56.855645359162
A,C,-9.308035348022633,-90.17213278140164
A,N,47.92529228184322,58.958141816355415
A,L,124.46117427283671,-95.37961467301712
A,V,-11.208025399362993,-122.68457337935541
A,T,130.36813222877652,-80.28260051799904
A,E,-38.08985767670069,-68.0220361006241
A,E,-36.95932291400518,-63.25742359004492
A,E,-29.941374857279403,-60.93204984254948
A,I,-46.38156789362476,-52.034712383516045
A,K,-34.20559963111634,-64.03241519857835
A,Y,-16.05166046940276,-64.62257464590988
A,L,129.00628420730672,-71.51775477525807
A,D,161.5163932442007,-98.47325125208987
A,K,-40.77660281490321,-54.07564681276559
A,D,-43.3198578807651,-63.86503918902336
A,I,-38.05576356106308,-62.23281580290879
A,L,-36.41353944339502,-58.680615009605354
A,I,-46.486247031855,-58.79587115074387
A,A,-31.66749360130237,-67.60468902975288
A,L,-34.916413310658015,-59.12815484710167
A,G,47.12758314255435,116.4738794263072
A,V,130.5138215101047,-110.68261880889027
A,N,-2.297861739260672,-100.73566791152287
A,K,123.14423009053617,-119.88907487402062
A,I,-33.795111570575095,-68.37074422701478
A,G,-42.782181579279936,-61.70231252054592
A,D,-35.399784877820835,-60.91633380465126
A,R,-41.40139907083208,-55.48584005639717
A,L,-38.73926472631311,-64.64608680308329
A,K,-42.77449728058946,-61.92039721454957
A,I,-45.77118572959333,-60.75551710856182
A,L,-44.402776700520704,-65.52665509269185
A,R,-46.85186283975178,-67.04928747884803
A,K,-37.3706804556945,-62.7898849984287
A,S,-39.07490364268357,-59.03878742057198
A,K,-33.708140371128366,-60.27957462825276
A,S,-24.665056221511186,-58.679494704018765
A,F,-39.564047800529366,-54.29741442472098
