Chain,AA,PSI,PHI
A,R,85.96557688775138,-127.65240350746038
A,F,127.29423423620064,-79.71785570186928
A,K,147.44964670446657,-122.93559921504371
A,V,143.85956706770193,-73.35142785974251
A,Y,145.86345185161272,-134.72118873530303
A,N,103.49928736171972,-106.33877859604306
A,Y,143.36976773772545,-80.65678047552404
A,M,-3.337016776309742,-105.73414961532785
A,S,153.53402457679022,-141.77932460455142
A,P,119.37576668861793,-58.20429324979087
A,T,141.73965684824245,-122.11048898746394
A,F,163.54522117402973,-98.79210602881601
A,C,121.46897759920192,-81.6116413373399
A,D,-13.70833957488939,-65.67789327449465
A,H,-55.15839466637954,-88.42719708008644
A,C,-10.00679172393953,-106.99255432898516
A,G,-5.385692881862745,86.72415873934065
A,S,156.1173416289287,-89.86799751311531
A,L,142.18597534943646,-54.966881156244554
A,L,100.8329678599122,-88.08753628500429
A,W,151.21704327889887,-71.53351986258242
A,G,168.65392288635866,117.86535959889609
A,L,-36.88030968004445,-91.42911844316241
A,V,171.75952966483797,-139.54332000089136
A,K,36.57652051321857,45.08327327161674
A,Q,-26.054735713957218,-70.13463089919368
A,G,-163.7415387525186,-168.2727953342504
A,L,131.51002024954073,-121.66374725695073
A,K,126.39972071013686,-108.93323408972563
A,C,121.39332287078024,-66.75830154407568
A,E,-23.53634098989541,-58.10654474258658
A,D,-41.64094207134006,-95.27024105285003
A,C,2.168230829054072,-121.60949747238416
A,G,5.965327271835036,73.62897034527738
A,M,139.90208939696026,-53.459317582876174
A,N,128.34440251298724,-117.939599561907
A,V,151.60238686622895,-136.33927685946247
A,H,148.71962897222835,-64.70238906118855
A,H,-40.58002695776846,-50.71597933553827
A,K,-15.744173645910683,-70.93373056796295
A,C,-13.146920879685137,-101.07306900135966
A,R,-44.668248159525625,-52.29309328211882
A,E,-14.136802373410182,-70.62997342514278
A,K,-4.183211763705962,-98.20259189277975
A,V,133.15898818183646,-85.89271788510192
A,A,147.8331325854093,-55.505949435021066
A,N,-29.805748159956575,-70.01714431959248
A,L,116.44655044675865,-45.44078842861164
