Chain,AA,PSI,PHI
A,R,77.3571257226148,-114.45682023779815
A,F,123.53352534801196,-80.31044944960287
A,K,147.49624385738701,-128.87924451616405
A,V,142.76536391375902,-61.06531029267324
A,Y,147.6441811709388,-135.7434335491737
A,N,117.98367024570278,-106.79381193382878
A,Y,143.8556394694978,-95.15142768598312
A,M,-15.462643504935729,-97.13239379740983
A,S,159.60494075037343,-145.48649967270921
A,P,118.04893889608584,-58.623299495559806
A,T,143.50138022551909,-120.17943809782447
A,F,159.66575648958585,-108.71626478433208
A,C,122.7023720226193,-77.08008018227555
A,D,-11.636486395228397,-67.58299049527652
A,H,-48.45046765096573,-91.4923861853303
A,C,-8.708627881755861,-111.88386119450132
A,G,-21.051847160351222,90.16696709147054
A,S,154.84392182155878,-83.07470294805071
A,L,140.9210224605695,-51.02255017578802
A,L,93.9268679361765,-81.47801566251205
A,W,149.92623822849563,-66.48719378585739
A,G,169.54976290649162,114.39622366125737
A,L,-33.16229057555997,-88.50678828682025
A,V,160.81364792118345,-142.4155385929615
A,K,34.74094945712001,50.071954808567604
A,Q,-23.500684431491052,-60.65407204659884
A,G,-165.5562795049838,-174.5711408255855
A,L,132.4652929789889,-124.37029476373236
A,K,130.65370768483535,-111.91106008784645
A,C,121.48705205560405,-67.95556931148973
A,E,-27.892917712005616,-60.1549375117782
A,D,-40.869820916619524,-90.42464381083633
A,C,-2.6073538569680292,-117.06259807284843
A,G,2.706084764825083,75.9026160137507
A,M,137.01123351254628,-54.93461708639809
A,N,124.98571727343473,-116.74701129683532
A,V,161.7354573873727,-133.2683501263296
A,H,150.51760000051402,-79.52271255179856
A,H,-41.94630093835877,-48.24841183089389
A,K,-20.680427838997797,-72.44864702315706
A,C,-13.59862761157973,-94.36441780483557
A,R,-46.35693644764831,-54.7138608603496
A,E,-14.070531867029246,-64.67825770723924
A,K,-7.228636471410647,-95.58008962076399
A,V,147.04365808832117,-87.25395217277253
A,A,151.53740645417318,-69.83300123872523
A,N,-23.636897897114526,-71.76679232353261
A,L,124.55091207439547,-74.36031026697793
