Chain,AA,PSI,PHI
A,G,58.846367557516274,-170.91735384259135
A,N,156.03538020102607,-96.36786227735048
A,Q,155.14165645421025,-119.34566099452385
A,Q,172.91064659894926,-123.41696066936694
A,C,82.4918229735124,-115.0719069406371
A,N,88.06235416402959,-59.10418731177362
A,W,100.71593866021098,-78.47853627500182
A,Y,28.474127544111468,31.805156527972585
A,G,-46.68379132154952,128.4902855822808
A,T,-179.08006001357606,-73.06750660074617
A,L,128.60572733359498,-133.62109279294205
A,Y,149.22668703832142,-134.27625902044932
A,P,139.20893173626084,-75.51314289489991
A,L,131.75486286072172,-79.80143101243705
A,C,82.77064847567944,-94.19439380582575
A,V,-40.69560230762592,-59.60857794119428
A,T,-37.66832354890418,-66.62523059175841
A,T,21.539794231032847,-92.48928791146429
A,T,-9.393693764719774,-58.282906959975286
A,N,36.52292633973932,-87.11814709149981
A,G,-160.93726459186885,126.85563066018315
A,W,145.48259098039253,-79.9289904848946
A,G,-177.12779699302806,-141.65106369220064
A,W,116.48403735360284,-137.53312404849953
A,E,170.977618451494,-150.6789008466059
A,D,31.091748866994656,65.49076939303691
A,Q,18.276999886177304,60.10360369423598
A,R,-166.38417695198848,-146.7259953795856
A,S,128.04001972288032,-95.51958869114445
A,C,135.35900558698248,-112.08751996657493
A,I,135.40357200796166,-96.36667981841919
A,A,172.42434508914917,-40.871896699443575
A,R,-82.44601174955727,-57.4798223346841
A,S,-50.09780643561734,-58.61681468258389
A,T,-29.95393662266105,-48.153260109239426
A,C,-76.23709817297433,-72.20778838426652
A,A,-54.3758022800987,-93.80103082239974
A,A,-35.03034337085526,-29.18698489726445
A,Q,161.91008393354826,-43.012747272576654
A,P,173.80919843107742,-73.57677791207749
A,A,156.3803015841664,-79.82551310856081
A,P,13.94205889868989,-78.22838855414636
A,F,164.68696887166388,-71.29058828289031
A,G,-166.6464430509307,142.40959694383372
A,I,125.57500460584036,-74.80908941838346
A,V,178.2018411562249,-109.84755878450103
A,G,61.65251318412083,121.87669430213194
A,S,86.38702498425273,-115.53929107396979
