Chain,AA,PSI,PHI
A,V,153.29919548585224,-138.52548894914457
A,Y,114.60901043206255,-138.33061547809666
A,D,-104.75625361305075,-69.28038781638425
A,K,-43.91084482573217,-39.94092602782667
A,I,-49.071102431469136,-57.49303152201644
A,A,-44.404398640522246,-72.26968253806247
A,A,-71.08067044882873,-36.68006980154228
A,Q,-16.657261226669192,-85.30901957473961
A,G,-53.81254576927011,-53.28714368309645
A,E,-28.683907023931575,-67.07674613861235
A,V,-53.963436290699725,-50.72410333677788
A,V,-40.192333979423836,-69.2400427709848
A,R,-41.960774677847134,-54.00533842287447
A,K,-40.02177184387206,-70.05661303031606
A,L,-58.0667027239999,-59.81149407077608
A,K,-30.240382567180504,-58.668709844724
A,A,-48.31948702887471,-67.98441528668705
A,E,8.941698201254544,-84.8724778173722
A,K,100.66886067397358,75.02036941414669
A,A,-179.3992394430521,-136.93575780247292
A,P,144.8191545071911,-76.77901391606244
A,K,-34.60739794268004,-63.31536071784169
A,A,-39.3345624946078,-52.66944843910243
A,K,-44.92576963707312,-79.36842451425551
A,V,-51.367665505872935,-53.38450720769195
A,T,-36.851351231285015,-65.94343543527118
A,E,-48.212192990967026,-51.87512828523869
A,A,-41.617064818766245,-64.98264980681688
A,V,-41.00599869799848,-47.65136380974106
A,E,-53.26911061873966,-67.19908171973984
A,C,-28.73062960934835,-54.21551097102148
A,L,-51.73297362413447,-67.36793818101856
A,L,-41.86677129204423,-68.70804391561104
A,S,-56.27701627757428,-69.25715055216546
A,L,-46.112725897455455,-58.32351973280138
A,K,-41.25581336237623,-55.447814897152675
A,A,-39.21641615843353,-59.236780736772715
A,E,-40.74566838124764,-69.08314364829845
A,Y,-89.09153594570955,-53.47288221411598
A,K,48.326769852176916,31.09832140556669
A,E,-73.40655982777385,-75.10276047165645
A,K,41.436806930343735,-171.31022360281327
A,T,-68.01034411619224,-135.30252463101831
A,G,-26.28473588319278,-107.47132588235922
A,K,102.9357706805524,62.61674954754842
A,E,61.35302011791328,59.43936913462969
A,Y,145.94952297385555,-39.53886647798075
A,V,103.45078375455262,-102.11445997678747
A,P,-64.32567597549281,-79.28935192620145
A,G,-50.088193571354125,-179.51250054963774
A,L,-76.11819652747123,-90.06258955994831
A,E,36.56716032971304,52.86677505234495
A,H,53.106527753185595,79.72305239734973
A,H,137.94159304444835,-79.688052901608
