Chain,AA,PSI,PHI
A,F,-168.97715087956237,-105.64045272368702
A,V,143.81796381353075,-143.08162083226227
A,A,88.90591818532647,-85.02510785817464
A,L,-52.901312525501936,-41.67091648047074
A,Y,-170.39269833541113,-123.08434836088382
A,D,64.51598041844416,-110.10851450291412
A,Y,112.51016986253887,-31.20126305479903
A,E,64.08486835575016,-92.0339548835506
A,S,167.75211214977898,-43.636097366540426
A,R,-26.871925343386255,-123.48941434471496
A,T,158.1600869485051,-101.2637724916106
A,E,-25.296955783524787,-69.40182714937788
A,T,-53.34496839501938,-45.303984260240036
A,D,134.84236664674518,-104.9423128438221
A,L,138.6476161053796,-88.39050592046296
A,S,114.08246654388425,-85.30195334727958
A,F,-160.45216917644223,-93.69479229725222
A,K,175.27952971030112,-145.94370109468
A,K,140.91462017233036,-89.31962086844823
A,G,-17.076461475775428,99.60366008093288
A,E,149.32612473559286,-85.47918098349604
A,R,135.089280653857,-90.11484504860422
A,L,144.46182161047585,-135.3431544506784
A,Q,102.80533890310772,-102.2714998149115
A,I,155.98991223861566,-47.00419113666105
A,V,-64.08046505973486,-118.42961618560767
A,N,-164.25666184258137,-139.75154324335435
A,N,94.75250810125189,61.25418879593441
A,T,-32.4427315123945,-90.32599705739396
A,E,-167.81798499547978,-60.71550755489324
A,G,104.5751630871281,-104.48137096566626
A,D,-102.58670114462376,-159.53502094210845
A,W,83.4108720042695,-142.53987736013988
A,W,152.53116699137138,-79.47110815182691
A,L,125.7287034084449,-96.99323968909509
A,A,153.378436001693,-112.82738894405016
A,H,126.1285631098854,-117.77192336822401
A,S,142.06905899152747,-72.47102236085404
A,L,-9.055251525237766,-90.0322170486676
A,T,-73.41939697486336,-72.40998046977995
A,T,-44.73772877738022,-89.50682570208342
A,G,34.52679605935902,111.33639013571111
A,Q,166.19425524274124,-90.03620536674072
A,T,118.75526882964073,-117.41668536940661
A,G,140.36195810518953,-134.6792427763298
A,Y,104.87900840898035,-80.77205837911887
A,I,126.40963904791163,-88.67624507921754
A,P,138.87710834900625,-58.70105927738377
A,S,-39.30187762072471,-62.80711473859968
A,N,-15.405751932458589,-69.2594026968874
A,Y,6.972042210314256,-102.35252766967557
A,V,167.23192466460043,-134.57665947062696
A,A,136.9176763547402,-163.45789139199843
A,P,86.42931967336494,-62.704824109216275
