Chain,AA,PSI,PHI
A,R,-35.18962760124024,-70.99357082429789
A,C,167.22676493225254,-163.45546138350917
A,S,122.23641963052873,-113.92059572977071
A,C,135.10696489808825,-81.01380134068856
A,S,-33.97871133166823,-61.297318890330274
A,S,127.19899930176601,-133.3017294115868
A,L,-9.974264541510575,-75.70335099080039
A,M,-16.993408725315547,-73.57588671951957
A,D,90.39839973790941,-83.68822410472525
A,K,-36.78691296135198,-66.74675269927651
A,E,-36.01387772398208,-62.81564849545937
A,C,-45.140403349243165,-60.15656102768944
A,V,-45.354142063046886,-58.49625249013227
A,Y,-39.1215619134415,-67.13597317568909
A,F,-45.32601163386954,-68.62540042709244
A,C,-25.003549525191495,-81.31338644853577
B,R,-26.58429353539134,-73.96415564153081
B,C,169.09778239445734,-167.86796148756494
B,S,125.52350272868075,-117.90619278224766
B,C,139.5766932454545,-81.11384251498477
B,S,-37.96177842345544,-65.11214046788292
B,S,120.67252308632483,-118.88201614129723
B,L,-13.918178130052539,-72.0745971959773
B,M,-4.1208420720858845,-87.34633182860772
B,D,89.00587265021487,-85.34818045767129
B,K,-40.359347468059504,-63.009748640679305
B,E,-36.782721751591744,-63.26499332244293
B,C,-47.51314320506295,-62.73901987429619
B,V,-43.404092231776254,-58.11066811689001
B,Y,-40.621263329222515,-66.77685467808784
B,F,-45.03825441252304,-63.57728395739437
B,C,-25.124424337444605,-76.47728129927592
