Chain,AA,PSI,PHI
A,Y,157.74002652504697,-69.7622650524099
A,Q,95.61421887994327,-130.31580003373077
A,V,-21.789710543939492,-134.3126754416746
A,I,175.34904719934286,-68.65017443950718
A,C,100.52171342987285,-142.64671215859954
A,R,112.84954585624989,-78.67828620589314
A,D,114.0285296047484,-97.09834139988453
A,E,-11.243140637223291,-77.58976441582416
A,K,-19.087651309616675,-67.01625066350074
A,T,-9.455656666474095,-147.2825685933799
A,Q,31.67736150218094,72.81287138440118
A,M,129.4217888650613,-110.98318035518925
A,I,142.490387391664,-95.20258800545659
A,Y,171.28357245891684,-125.18550772301923
A,Q,-165.18488173613585,-89.31944978732221
A,Q,143.90411162867784,-82.33045584757528
A,H,20.372087602475265,54.00963031081292
A,Q,124.50324192399249,-96.9521553738949
A,S,140.19229362692195,-91.76567160752512
A,W,112.15386139795726,-148.7770008590265
A,L,144.13835293689527,-74.59263395554856
A,R,153.5007538496198,-114.82051982017357
A,P,173.26602566139044,-56.601897415716536
A,V,177.2911337400077,-84.50993400043487
A,L,-66.9062556516769,-91.26977051342415
A,R,-17.368333649228884,-149.32962727714002
A,S,-102.56187421429118,-85.34508216789013
A,N,17.82333130187947,-166.6415497631902
A,R,158.73577040371833,-92.07612652511038
A,V,140.00522733900823,-104.09084538949914
A,E,112.8744602442794,-89.46853373576455
A,Y,118.29024985902433,-91.81851393362746
A,C,115.62103910607001,-132.67817061251085
A,W,151.5954449530801,-128.1629016479342
A,C,115.43026407782057,-84.26049951944755
A,N,-19.724935973954718,-88.8138866126189
A,S,-20.68491553990994,-173.06554913254143
A,G,6.2740008947045665,148.90654898612246
A,R,9.51136743940164,-108.03676956936378
A,A,86.19573233996856,48.892334541901846
A,Q,153.60369167344226,-78.10419054599687
A,C,164.53502200438209,-158.25836411015894
A,H,169.32147116515753,-162.0703423084533
A,S,120.30401309135976,-127.25851956005499
A,V,114.17980861120687,-118.48887360344423
A,P,175.58450136496455,-61.32059277580577
A,V,-29.880546125507074,-80.19134700320687
A,K,115.32333693011684,-70.65667762780234
