Chain,AA,PSI,PHI
A,S,14.335554338503885,-54.067189253329985
A,N,-27.43801830574809,-156.64624156765242
A,A,145.88028861856208,-48.913974588324315
A,T,-38.16523946543143,-71.05704606154407
A,F,164.65180432359912,-123.77402756185245
A,G,163.13814677312195,-123.44719685940774
A,M,135.16744311867959,-56.5713266665957
A,G,-16.56109964970971,95.15401137536603
A,D,142.12369752508107,-58.41464408605633
A,R,121.86382533890325,-96.65878493351435
A,V,170.4993848676633,-134.81375802166883
A,R,162.3463457089279,-142.7324252980499
A,K,138.73198225039397,-78.86442925963593
A,K,-32.41351190952186,-68.72421455914201
A,S,174.54150430323028,-159.42734322313842
A,G,-142.29619279287903,66.33604132776055
A,A,140.9182147628356,-57.76359292993208
A,A,157.71957460578184,-87.04025795048281
A,W,138.92270251504144,-166.766739969051
A,Q,137.8485898059042,-156.53692091719807
A,G,-158.29050320953903,163.8646284240444
A,Q,147.5542699498136,-101.10358410786729
A,I,127.38602561151187,-69.09286138015406
A,V,2.810601514462355,-126.16649997653836
A,G,-172.38432615087726,179.95183886854275
A,W,154.3427026348904,-155.27938996619022
A,Y,159.92895182978754,-154.42986724931606
A,C,127.57018760151124,-151.4533835816446
A,T,172.90736079458998,-137.42064795975182
A,N,-36.86890549743788,-61.71964344072463
A,L,-36.983166794336384,-70.8387255902519
A,T,79.2392057065963,-128.99825906997816
A,P,-9.42180428146744,-66.01984891350835
A,E,102.5603536112616,-145.27375477440347
A,G,157.97453680358726,-131.3773742991587
A,Y,149.41347910139936,-133.23303959941754
A,A,137.85172645041285,-102.36455045638631
A,V,122.440859016212,-131.664865546246
A,E,124.1291247370036,-89.48435915223659
A,S,141.57852056141377,-60.050222506428696
A,E,-11.197268681474469,-83.91827748728501
A,A,-26.829145602501203,-92.17382269867552
A,H,83.41491805336223,-127.6261693721255
A,P,133.92844251209073,-52.73886759660713
A,G,-22.269443427947,97.16757633948097
A,S,121.92181119345437,-88.61243745952903
A,V,142.82958335229475,-117.43662436012846
A,Q,149.10055405991756,-128.5829930127709
A,I,138.93346229309856,-109.14717522258628
A,Y,157.0721813777199,-146.03706642878458
A,P,150.49022448337544,-74.0610653387819
A,V,-42.262058428237374,-47.180772439425816
A,A,-29.338140314938226,-55.55782625508762
A,A,-13.038304933801356,-80.77570399688672
A,L,151.40056132692723,-111.01683518828592
A,E,138.9577202926066,-140.0053937718438
A,R,143.5216792690178,-69.9583098461404
A,I,101.71959989190898,-105.16130360147419
