Chain,AA,PSI,PHI
A,S,15.033340360822496,-63.599360664193874
A,N,-36.981316843662,-170.45619588296174
A,A,145.35622824709108,-44.48010889350492
A,T,-36.55489688158733,-68.63260256120908
A,F,161.9158379147825,-129.40950774306108
A,G,166.52015081304924,-121.33030448207096
A,M,129.03427297072338,-54.31986786713664
A,G,-9.616807231536578,94.39564201738504
A,D,147.8940828652643,-63.42571770652794
A,R,127.33321779078385,-96.22719430624392
A,V,171.17198045362503,-141.10213197291728
A,R,160.53346047420453,-145.05516858981684
A,K,134.93745949590806,-77.13131473956089
A,K,-31.367276720676752,-68.6974701262766
A,S,173.21083038462712,-159.1514453398447
A,G,-144.45890602608094,69.15993248741236
A,A,140.74470251034015,-54.009545265837616
A,A,156.28081229110143,-86.6636191535762
A,W,138.75270235923304,-162.77115454225827
A,Q,134.7713366751242,-157.80529777583143
A,G,-154.10592289391502,168.3158928272369
A,Q,145.7046104085393,-105.56285743758693
A,I,123.7381102274268,-68.64333494723171
A,V,8.512783084838611,-126.56829787050972
A,G,-177.58662439205554,-179.4401972395553
A,W,158.48608044164084,-151.8727427820337
A,Y,162.12429965646385,-152.94833066819263
A,C,123.37252782055576,-151.00387930192153
A,T,173.84782586700447,-136.73526749109158
A,N,-37.03058251152774,-63.03523321058062
A,L,-34.260421692159376,-75.31822295566072
A,T,82.57211328924093,-130.8751188060848
A,P,-14.921008719075608,-66.89626672737243
A,E,99.95042334315544,-143.24140713168507
A,G,156.21025855485632,-125.61709336394247
A,Y,149.10301110025276,-130.25649047823848
A,A,132.15484223268248,-101.71090531837858
A,V,126.23052657755176,-126.2169228790922
A,E,127.59419884308475,-90.3572379739903
A,S,138.806865297472,-62.34392670995896
A,E,-8.978727037908833,-85.06932392269783
A,A,-24.42701468276052,-98.95093143814721
A,H,83.63521735877111,-128.44875354909553
A,P,137.09126477589538,-52.56594439516873
A,G,-21.14595324015775,92.85153420650487
A,S,122.48288932666277,-87.46368768602457
A,V,141.31299000424036,-119.42841770545247
A,Q,152.24562348928742,-129.97252463726434
A,I,145.11547006285485,-113.9111689152276
A,Y,156.43862398923403,-147.24895955311044
A,P,150.94451120566606,-74.06129652171663
A,V,-39.537844267809426,-49.48971771626538
A,A,-20.696031058052757,-61.19286190704725
A,A,-3.7264531463453547,-85.76803352594708
A,L,151.4718833137307,-118.97663717835674
A,E,142.8626621441818,-144.75939946834114
A,R,144.75676456833068,-75.40635667070008
A,I,122.34550977517624,-127.4366533994011
