Chain,AA,PSI,PHI
A,F,117.96011095527463,-73.96763993783885
A,K,147.25582631041883,-108.80109772955984
A,S,81.83754476295374,-143.56240352227013
A,A,148.84849741944512,-114.7106642186687
A,V,154.2768734061088,-133.55887954936017
A,K,126.36460217362455,-110.62752854425698
A,A,129.88277954025276,-66.56312878940935
A,L,-15.62828450842789,-96.1402254627284
A,F,152.4997815457224,-143.75126186309407
A,D,151.5051286561348,-67.31379562177044
A,Y,125.12442777775419,-144.13478027541262
A,K,122.67425977031643,-97.50723386819202
A,A,133.13809695788726,-50.73490386350599
A,Q,-15.73729690071214,-108.27098581198494
A,R,161.50650825226282,-130.24156029435673
A,E,-30.840092217199786,-63.53337039627916
A,D,20.502442506549578,-96.55030197369899
A,E,154.77329874069954,-106.43602414596725
A,L,147.17384003240457,-87.0564702982281
A,T,134.37169227361272,-113.06487820143622
A,F,167.54621426139823,-154.12204333984735
A,T,157.17870426897264,-112.4060699321347
A,K,136.31995587555303,-45.14123073579423
A,S,-9.974257502601185,88.07730226136024
A,A,143.8748705376547,-59.48578035305926
A,I,115.50103471805885,-102.04938660433663
A,I,130.35526926806045,-102.31503079544088
A,Q,160.7061618056443,-114.98700761927668
A,N,47.507585043337,55.440225011262896
A,V,126.29852060861245,-82.37385243258372
A,E,124.44021551434638,-94.51515685489366
A,K,123.50654602237417,-101.26185429324087
A,Q,158.67766445359166,-125.38734922576853
A,D,17.16615740159249,-99.25498343444661
A,G,18.28517416023908,-97.77458947274935
A,G,0.012087041035389942,88.0284166651301
A,W,127.15074138796003,-130.43178615146195
A,W,165.64935267261347,-116.39797104645913
A,R,152.45365471493494,-132.16317281380734
A,G,-171.06155647335834,-173.89893076496642
A,D,126.71342691661613,-119.28685889410886
A,Y,141.61085024422837,-163.54871542951406
A,G,36.27580478318626,62.759388118972225
A,G,6.51404436898957,79.6426072155093
A,K,143.50814478174635,-104.53479112752775
A,K,115.91989741474298,-119.45683101183378
A,Q,41.35904632087555,61.56464513985531
A,L,158.05478337155773,-93.76530726651568
A,W,147.78127094512422,-88.55050449872638
A,F,154.7267932851113,-152.1642943623838
A,P,131.47916855820893,-77.28516553444659
A,S,-21.250023605618104,-66.95396351060698
A,N,3.915302467251566,-76.02146208569856
A,Y,-3.2273109507409177,-96.08068381048783
A,V,164.87493660969298,-131.8151080269556
A,E,125.31170800652754,-114.44208529943987
A,E,133.19128648372865,-65.9727281444914
A,M,96.18134586798662,-98.14441778586385
A,I,141.4538113825541,-66.26138142691464
