Chain,AA,PSI,PHI
A,C,-60.95010031893296,-65.02344796281074
A,P,176.63877309548738,-70.83046733224691
A,R,127.24856648335259,75.61592888209469
A,I,97.78724752515181,-87.48918123144483
A,L,32.730834000359096,-163.45851229716067
A,M,104.12955875412503,-136.5999529939558
A,R,107.00247523497234,-105.58004512546042
A,C,158.26574372530243,-97.49159163037332
A,K,-12.989019747651634,-104.31995667584373
A,Q,17.732805592454802,-151.94298971928774
A,D,-26.975653398648152,60.4417865409754
A,S,-34.26941929365822,-59.9349181680177
A,D,-17.539954134212657,-46.46043806103132
A,C,174.20369278172458,-124.58197677501977
A,L,142.49450722709403,-80.0404014497572
A,A,175.22167138571126,-62.38355286657628
A,G,32.477940016370134,58.526455673414034
A,C,132.53297644830667,-147.57953059014412
A,V,145.84449564814398,-119.73897780730975
A,C,155.90162954818015,-97.19630532975194
A,G,-72.9661847640333,-159.28868510750073
A,P,-122.21160448175499,-42.52910027667488
A,N,52.58868725281302,-84.62880510317191
A,G,50.77197992875394,62.2373197844748
A,F,166.16661331338062,-138.58965237831552
A,C,147.76366190223922,-98.39447656432074
