Chain,AA,PSI,PHI
X,P,130.7069030589642,-70.21296033651352
X,L,108.453933732524,-74.18743434732725
X,G,-138.26290886494726,-78.41903705743553
X,S,133.88626164051837,-69.01306201305175
X,V,136.06329208195797,-116.19407763482639
X,V,161.24863336145307,-126.59096279882345
X,R,135.71202339797026,-116.1660901256351
X,A,132.05122831484178,-65.47597070864964
X,K,-22.421095508768882,-87.18324956650736
X,F,161.4370852988217,-145.54134105359842
X,N,151.2831715355283,-66.141847641204
X,F,130.16852195561887,-142.90309395376104
X,Q,126.01027338741493,-104.5030128575588
X,Q,141.51203620889189,-62.43483210204851
X,T,-9.524278348341243,-108.77691312855585
X,N,174.12374081609204,-155.68391710012966
X,E,-19.90879116853078,-65.62519340652281
X,D,-14.404998966736958,-82.83244163430663
X,E,144.86213538579642,-97.77858374524209
X,L,158.3826116336905,-72.23265112394061
X,S,138.2858549327141,-115.47795448025222
X,F,167.6442450967105,-154.62386558416244
X,S,153.48938232677503,-111.41239071690335
X,K,132.19226031640522,-48.03906763337225
X,G,-9.627982469234338,88.72583406185286
X,D,149.53290096123408,-69.97881216469986
X,V,141.64776486169762,-89.328121885473
X,I,133.38746387328746,-130.03492211433328
X,H,111.14802538053254,-91.61404439446774
X,V,119.41343761995522,-84.14839005275168
X,T,-12.432149516864907,-113.46704084904975
X,R,135.8031762609698,-152.36583367120474
X,V,136.2380092735503,-120.11018194915471
X,E,157.44048916689022,-136.2111179127305
X,E,152.27604680472808,-66.5578035518069
X,G,-3.6342358838290534,113.8926388221056
X,G,3.835370589926318,93.393608986936
X,W,128.35668303541723,-120.0001607672054
X,W,166.0635539768045,-117.11588817061225
X,E,142.02029786764916,-115.03173008440378
X,G,178.93593679813145,-164.80661291233613
X,T,130.5938585544407,-109.77238501757708
X,H,127.8857492459056,-140.5817096204197
X,N,45.05964343380676,43.83653661217471
X,G,8.112658201806703,77.39043607401923
X,R,142.51785736542658,-124.45942166394363
X,T,139.8063136490002,-102.49211746818457
X,G,179.71281689553373,-175.4869074900066
X,W,151.18757476527327,-98.64420520793472
X,F,159.28722958390568,-153.66690644750352
X,P,125.57761633607974,-72.28754556065934
X,S,-30.980678549998867,-62.02550661575232
X,N,-4.8773203933005815,-73.31662726506372
X,Y,2.5930020417675266,-89.02765708980057
X,V,163.51646038665888,-133.8894065283096
X,R,144.90799159701572,-137.45865388851965
X,E,140.72163149497564,-73.68878230416695
