Chain,AA,PSI,PHI
A,N,23.151098807148138,-82.39900992100156
A,A,140.33453463114216,-61.284385104481935
A,T,-42.63140940234745,-71.7968159684177
A,F,159.25112530012993,-117.78507966045872
A,G,165.2293937836581,-118.59791240861608
A,M,133.91512386590887,-54.7247711769119
A,G,-15.114033014547447,90.49031973181948
A,D,141.7600035025499,-58.32626010922929
A,R,123.4685796319451,-87.58548079545754
A,V,161.4394707136681,-134.51851447222793
A,R,157.13148360655742,-137.80295106117407
A,K,134.69138777734594,-64.33334441340408
A,K,-36.97863996236559,-67.19957328835106
A,S,169.3650089618936,-154.80980898991822
A,G,-139.72197728774023,62.70287239612021
A,A,134.81063872654912,-56.16789932911068
A,A,151.9962619515854,-84.89808537845585
A,W,145.2694580116031,-162.1448232499171
A,Q,134.9569385574162,-155.99034415972292
A,G,-157.33315653577077,161.81099960548363
A,Q,142.23777580071567,-95.27659576933385
A,I,126.33944194380094,-63.80067166244573
A,V,2.548021619599512,-126.01084447572887
A,G,-172.1190305622125,176.6128003105437
A,W,158.2463165872893,-151.6621696574619
A,Y,160.6739552767592,-154.9371720621655
A,C,121.61893884686863,-145.50648037449895
A,T,172.22114976728074,-132.92804880388417
A,N,-37.424873481148985,-60.42214024733041
A,L,-30.82761248631452,-75.02559054092426
A,T,78.25644622210352,-132.2491100774175
A,P,-14.685529894906228,-69.02744511638831
A,E,102.54706129914979,-141.24750232757674
A,G,157.30130861742867,-128.23446868296105
A,Y,147.49825930300327,-132.1628523316119
A,A,134.0817199351477,-97.21923559375135
A,V,121.08613516694322,-128.89711872053974
A,E,125.0785170641108,-85.00709559421962
A,S,138.81735878348093,-60.087312625451354
A,E,-19.347732861891,-80.20739515184228
A,A,-32.46404939803765,-86.91762016750644
A,H,80.22035117395407,-125.9780989096979
A,P,136.64032326722466,-52.75797117464149
A,G,-17.87670865963225,89.64911566574595
A,S,125.81608644185054,-88.30155811983235
A,V,135.28744242182393,-123.25275154772763
A,Q,154.28633635474017,-128.7895067322183
A,I,138.5457761806677,-112.3272063420436
A,Y,151.89384802251814,-145.94837611371244
A,P,151.46516771615427,-64.85111578422138
A,V,-39.328077977912756,-53.8507268270701
A,A,-19.34819059503171,-63.860603663397335
A,A,-7.397888476772712,-83.76006654939889
A,L,152.18729391332036,-119.83230789511892
A,E,143.48305439453594,-140.5202326125078
A,R,143.55220210843032,-77.98643938215672
A,I,164.9524262564084,-129.97187450031274
