Chain,AA,PSI,PHI
A,V,145.44325404824468,-130.94160867719947
A,T,144.62121268930412,-128.70225222172613
A,I,134.3686474801091,-93.38872293739071
A,F,161.7639912516313,-129.60854375954415
A,V,141.0002483532307,-121.35489060557235
A,A,127.74848934183355,-68.63728042427356
A,L,-16.4012639222613,-85.18723402299183
A,Y,154.32476737117014,-149.53160115939767
A,D,150.01307198489536,-70.15030070434463
A,Y,124.55811955432827,-146.77521901352583
A,E,128.17978462623046,-88.44843297486396
A,A,137.84763005976944,-49.60475221461719
A,R,1.9298423170186692,-110.97699939618448
A,T,165.88932046606973,-146.42401839193641
A,T,-9.901619968948506,-71.82437014286369
A,E,0.38633539102542463,-96.55081260806318
A,D,149.84143688373024,-81.94665041465191
A,L,145.97268140740096,-74.26339425185013
A,S,145.57176974499933,-94.90131407981991
A,F,165.62678039613638,-156.4892497221657
A,K,150.89388177876262,-105.0882917539959
A,K,132.71447053688007,-53.32549745419681
A,G,-11.352373030182784,91.47219611305502
A,E,146.8024072815502,-64.68716177370803
A,R,154.8671356064762,-110.66026130593787
A,F,149.42089672382946,-140.4515832241877
A,Q,127.90835135620131,-84.9579195305363
A,I,130.83979388569793,-104.9791619262402
A,I,127.44408989930888,-53.19472755961392
A,N,-40.315527220640625,-65.68702606122979
A,N,-16.274946880526752,-53.39212514318376
A,T,133.8758892891928,-86.95262275676757
A,E,-157.09049209649828,-128.86753270148247
A,G,-170.3565070660333,71.16962290055086
A,D,1.7623235425895896,-101.33966584468317
A,W,126.47405542378495,-126.51280924583182
A,W,146.09916848280116,-112.0449487253847
A,E,123.80068294925643,-76.4948023919458
A,A,146.38233232967616,-126.01962583246842
A,R,121.68603809246711,-116.18419845625007
A,S,128.74898365126842,-72.59403438053316
A,I,-32.73556150736061,-70.53707931433227
A,A,-52.73568865969243,-63.5948635795996
A,T,-20.870466634405428,-100.29452090347894
A,G,-0.32561780716681266,79.09658208408749
A,K,153.49185178633584,-83.67248038190627
A,N,142.40933321342828,-117.4511689223243
A,G,179.4962867816202,179.63255468816968
A,Y,145.5941148253177,-81.15901741818895
A,I,150.25680145377837,-133.65861727913494
A,P,130.0434547817919,-69.57471226420094
A,S,-28.086390485037732,-63.79353200597977
A,N,4.168110863901046,-85.87296567535545
A,Y,-5.081358225527717,-85.02204356745379
A,V,160.40689911058413,-126.64386041228626
A,A,154.2513072395913,-133.45386161424972
A,P,142.24709721890324,-60.24741589784064
