Chain,AA,PSI,PHI
A,S,153.415886011082,-131.30080984231452
A,S,134.3306659600724,-118.68255191377224
A,V,116.16900668173888,-110.55531038252305
A,L,134.17347008270298,-96.03143000737036
A,R,156.0186525853341,-122.2319218232436
A,S,136.6245467099122,-67.87551726660139
A,P,-2.4468005756204567,-84.16182420200033
A,M,157.4269756788519,-158.81292866237675
A,P,140.0640010280299,-66.09440464693779
A,G,-163.94602708389283,178.01625974635155
A,V,134.24266102103448,-125.60505760379486
A,V,122.47833033316522,-73.55139107400451
A,V,-21.844684535200035,-104.34042179351863
A,A,143.98284224106135,-153.73089406460372
A,V,127.36963784975967,-130.73266044080307
A,S,-1.6373231896940323,-108.42413949727377
A,V,158.2784898433214,-135.28538986220772
A,K,162.70160641299296,-135.81161219082736
A,P,136.22014722700058,-54.801350203298334
A,G,-20.76746599349785,99.29716788545039
A,D,144.30878310551242,-69.0588304849108
A,A,157.9404213561035,-77.70497402604379
A,V,146.45724584315477,-134.5391654138616
A,A,157.89633308297059,-95.57281732696238
A,E,130.13296815614413,-58.191689773586866
A,G,-3.4214923661988994,89.64774903454557
A,Q,136.85766572750006,-76.2051216449174
A,E,133.18558623997444,-62.21536229155478
A,I,-51.692245029897435,-104.21289054337669
A,C,168.84575466735467,-161.84448095000647
A,V,132.86352479846414,-126.24317794149508
A,I,132.48135679136465,-122.45131469825648
A,E,138.0404263227881,-102.98186149528316
