Chain,AA,PSI,PHI
A,L,-32.399796441627565,-55.015112853941275
A,Q,129.04585122078205,-57.01708177191629
A,Q,15.348984866226248,64.59218790299296
A,W,-65.41561050929458,-101.17336602143548
A,R,-24.414325148337813,-86.05768296506601
A,K,-34.686300676503784,-82.0772093714829
A,A,-18.22651935823986,-59.784548085248204
A,A,4.233788520255516,-116.09515342045083
A,L,-60.15754894385908,-103.28040008264092
A,V,-27.7645175254067,-81.96484001801632
A,L,-11.033432945773075,-82.20660461552039
A,N,-66.64182541985592,-118.77417217619883
A,A,-53.38634879263501,-51.989168828944926
A,S,3.5505030899017704,-90.82942972281926
A,R,-24.000405227194275,-52.38157388075458
A,R,36.43842989448021,-116.15233265062685
A,F,-23.425603226574673,-91.8891266478378
A,R,-38.28960993786906,-70.87195642214142
A,Y,-48.559546051683945,-71.89599180531894
A,T,-26.502148713047674,-65.27160643347027
A,L,-36.48548781968586,-82.97059728331809
A,D,-26.220626582256553,-76.12361349583718
A,L,-29.1259669481829,-54.33925352441247
