Chain,AA,PSI,PHI
A,A,121.25793907787386,-39.17804621710926
A,T,-40.20539795190214,-73.37271506562898
A,F,165.80144445491396,-121.88382368862248
A,G,169.21155996786672,-128.67971940129038
A,M,138.32585664195,-53.19431608545338
A,G,-9.264001000769627,84.49376030626699
A,D,142.98920905031557,-64.24186562721071
A,R,126.3593823535342,-91.18006513784204
A,V,166.83279034627319,-136.66617320658395
A,R,156.12961869037858,-139.53023008419794
A,K,135.75138865478945,-71.86502938158526
A,K,-32.016917174888036,-75.3262651138883
A,S,168.54116692422917,-154.73737211192451
A,G,-147.29588203065873,72.51878192183406
A,A,137.33795226313555,-55.516555993143726
A,A,155.5510579430239,-80.85770674878032
A,W,136.66414193635134,-163.39638962734168
A,Q,135.0390928901184,-155.49155976657423
A,G,-157.4032703069659,164.0639585425326
A,Q,146.49395779032028,-95.91476646830378
A,I,131.3059293813115,-69.54345883276675
A,V,1.8662126624543067,-127.2876463351954
A,G,-171.38033363231676,177.8255116885651
A,W,158.87696184038117,-154.91833559094755
A,Y,165.3984380146731,-153.22444908730193
A,C,121.89200601912144,-148.29552262744926
A,T,174.86012606442844,-135.14983473259431
A,N,-36.4077258428312,-64.74863526476656
A,L,-35.24181734838573,-72.4427783948269
A,T,82.59346748742064,-131.60209395110854
A,P,-16.038280211335433,-69.32576933690756
A,E,101.61696742463764,-139.16728608449944
A,G,156.7336399403351,-129.57585089023416
A,Y,150.7697375197609,-131.6010023452141
A,A,135.8240047250539,-99.02104655537318
A,V,122.6376297129728,-131.51696111382637
A,E,125.61657160267133,-87.19525073562909
A,S,135.92664879053595,-59.55546225150735
A,E,-15.659601107209198,-81.25312240016417
A,A,-34.06605342377024,-90.78674635382585
A,H,85.41257656562665,-120.82759946771294
A,P,137.93781650858492,-52.74829263730822
A,G,-19.622835515084795,90.07824465127891
A,S,127.09466548559048,-85.47994041316073
A,V,134.53287482609875,-128.62435780215785
A,H,154.45251658908373,-118.68678332259928
A,I,142.16092940964128,-110.79511874074444
A,Y,154.13352848614056,-146.35419058621468
A,P,151.45616331410287,-67.96379817674531
A,V,-37.345571172730885,-54.938712920360096
A,A,-17.80154397223103,-65.95403324519344
A,A,-7.78715816392539,-84.1639922027347
A,L,155.9900854336332,-120.81458614426857
A,E,146.73609811340432,-142.03434306706285
A,R,140.89443527999836,-77.90720045467341
A,I,169.53275177205865,-129.30271291083926
