Chain,AA,PSI,PHI
A,I,163.7568514706061,-179.7369667090717
A,A,20.84604716426174,-117.40490930070727
A,M,-153.86932330264833,27.260011939980753
A,P,36.16173595431828,163.6696962304732
A,S,-75.87209275773607,-161.25046834562687
A,V,-19.212743658600484,79.97796798346195
A,R,-73.96355428242256,-3.654636871027782
A,K,-28.72050154075434,-25.920295410031336
A,Y,-59.52829178562377,76.79897899559612
A,A,113.7048622621946,3.938609302664371
A,R,-43.88987105349692,-56.01789641919755
A,E,69.7960287325711,-141.94967485775067
A,K,60.437311938006246,21.801498798676462
A,G,62.03049134627586,98.47356369859246
A,V,-59.45992983310453,-119.9297307085585
A,D,120.64155734787714,179.90895163842245
A,I,-178.63291104029346,11.78104759627032
A,R,-114.7295675384628,35.74007134179436
A,L,-173.34810536879766,-66.8287719864104
A,V,14.771572751450302,137.078744276217
A,Q,168.81872094692525,114.50079769088812
A,G,-168.58085087969417,-20.236738072671052
A,T,61.83224203207457,152.41995854417402
A,G,153.61130046247027,-174.35664936091212
A,K,-43.19114697795857,-2.894384071173611
A,N,165.58151790078327,72.41292321963788
A,G,-63.6575954321349,-151.4096896589108
A,R,28.790526855759726,38.68883585506577
A,V,44.58893878982669,57.4754564505203
A,L,31.721942821245108,83.58443684259323
A,K,-113.88176859327497,-168.13668549904645
A,E,-21.4902364243086,-168.94309197779873
A,D,13.8930869529126,171.15588784677826
A,I,-31.357612176778968,-70.68540967442516
A,D,-41.074103374065494,-52.00968627638809
A,A,-33.35724993634735,-73.24335664431746
A,F,-71.23632155624128,-44.73423667219282
A,L,-58.14649083371526,-66.8164036445341
A,A,100.99555122500165,-46.36097962046067
A,G,19.836394320047788,-81.86190472410517
A,G,164.96238475763062,-81.45909790080763
