Chain,AA,PSI,PHI
A,A,136.33544845847763,-68.26447175883601
A,T,-40.37761449595613,-66.48248873488475
A,F,159.34552211892913,-121.01624422947553
A,G,165.512465627486,-121.42855613373614
A,M,133.1858300506406,-54.437655696054755
A,G,-12.535388088236775,90.75354101938366
A,D,141.91237162150358,-60.317243219560986
A,R,123.62211185490375,-89.55636771603939
A,V,165.41475401807364,-133.019418921817
A,R,159.14530420413988,-141.4413067748328
A,K,138.30686564703873,-66.71098096851188
A,K,-36.95118637205026,-72.6510738534188
A,S,169.26694863183525,-155.06028842689906
A,G,-139.80141792370947,65.66514023787163
A,A,136.33228525917366,-57.35928874970678
A,A,153.41480507330408,-85.60181825877056
A,W,141.53421591289685,-166.21093209240908
A,Q,135.2755198953257,-154.8919333017633
A,G,-156.42675559975555,162.6812470725566
A,Q,140.18440754780931,-96.55741600124223
A,I,125.591556837519,-61.88849231904622
A,V,4.205799207892023,-127.66810686453442
A,G,-170.21696263100586,175.41061606530135
A,W,152.26575213079943,-152.0290473037129
A,Y,162.9661533013369,-152.17220293624112
A,C,119.60496097488607,-148.75383696562605
A,T,172.1304354209628,-131.93872958532418
A,N,-33.989997721397366,-65.37864039251718
A,L,-39.06629960428865,-69.82567427934987
A,T,79.98993978384713,-129.09159213419443
A,P,-17.236112911703263,-70.87209912502698
A,E,103.18193691597955,-137.4154876627574
A,G,159.30825384633755,-127.58367161553625
A,Y,148.5444358324883,-132.68825446217994
A,A,132.5373065707869,-98.46215994801693
A,V,122.93407057441173,-127.27152592191415
A,E,125.6279860361428,-88.45810463790274
A,S,136.21685864421696,-59.41191717657982
A,E,-18.224371378088545,-78.94726441515859
A,A,-30.339015093281056,-89.3328660724353
A,H,81.50233265711185,-126.740405433661
A,P,136.75403723210383,-52.169292647283086
A,G,-22.450947054016922,90.65159211718169
A,S,126.53734151879601,-88.28689553735599
A,V,139.93000333596882,-122.29891395411971
A,Q,150.65683380795917,-135.9964632108227
A,I,140.0407906860475,-110.67223863880075
A,Y,153.7634282999399,-145.2461480918183
A,P,151.51272725722694,-63.57337966655998
A,V,-39.77460512476353,-54.34699228746728
A,A,-20.835626890874515,-62.96489984693937
A,A,-8.746031350790794,-82.93339104836834
A,L,153.0605065369384,-120.57378021428953
A,E,143.81751585197443,-139.09049287333463
A,R,142.23179268023105,-80.73577918639012
A,I,163.95867412763815,-130.58424492931212
