Chain,AA,PSI,PHI
A,A,136.462502382153,-65.03620702984604
A,T,-41.41090498948697,-65.4985381918753
A,F,158.38396836291304,-122.35137032086926
A,G,165.3495934053473,-121.19884417918001
A,M,133.7265755198495,-52.439379254022555
A,G,-11.698279677892018,88.21417049082086
A,D,139.77432507413883,-61.76260712871776
A,R,124.38970947810176,-86.95776786180647
A,V,162.49596208072327,-135.28185711145957
A,R,156.27014446786444,-140.0439100988873
A,K,134.8417839438211,-68.66861564253587
A,K,-33.56212155240109,-70.1650295675548
A,S,170.33839048169443,-156.0223613838094
A,G,-141.58506348330374,68.80563024003925
A,A,136.58202927189424,-58.840158587071535
A,A,151.1822183641514,-82.67936071218573
A,W,140.84324866669542,-161.90134906435205
A,Q,135.51161636902435,-154.61257376403523
A,G,-150.86915297667682,161.74156553324246
A,Q,139.62640167711123,-101.01547217629307
A,I,125.4121238017692,-64.05676321579347
A,V,3.6488704224375748,-126.19434013099045
A,G,-171.4049124959406,176.23496161288514
A,W,155.65142089493526,-150.07988901848339
A,Y,166.35149145844173,-154.82095496990613
A,C,120.6356319757508,-151.15735229143363
A,T,171.77809025954156,-134.24785038445046
A,N,-38.779217211806554,-60.87946763897309
A,L,-37.902337957348045,-69.88574251333448
A,T,82.51236468520467,-129.8691968848961
A,P,-11.82295349221503,-75.5139391557658
A,E,103.47645375919204,-138.0424655723313
A,G,159.93773320395206,-127.41564835254556
A,Y,146.67634011614652,-132.58499965471864
A,A,131.74535132822882,-97.03201106784907
A,V,122.44926119432921,-126.49596640034318
A,E,125.01949884738568,-88.1124984317055
A,S,136.89222555689162,-59.102563359549336
A,E,-14.896092725812931,-80.04523763361472
A,A,-31.46562028746617,-93.33700330177611
A,H,82.96104783368094,-126.0977716695529
A,P,135.63497107776996,-51.45118756757665
A,G,-20.593275513663357,92.70512325795552
A,S,132.23778826688155,-91.0926771406416
A,V,136.9297450061278,-127.25897061144029
A,Q,150.13072394311794,-131.07331376625157
A,I,140.74986710510728,-111.58935480111917
A,Y,151.13836355484605,-147.38073803925386
A,P,151.97553055096137,-63.73097247699815
A,V,-39.91585423095475,-52.819119428849966
A,A,-19.582354282840413,-63.249281649106216
A,A,-10.35269263651601,-82.16013895176502
A,L,152.94356002829915,-118.05797518498497
A,E,142.33458391794667,-139.44381896878394
A,R,141.27409234313225,-77.15246354690053
A,I,164.68012695224522,-130.35857502566026
