Chain,AA,PSI,PHI
A,A,134.3011902049646,-71.09057861596347
A,T,-39.25607292517464,-66.72937354756978
A,F,161.4138215428437,-125.1948404304438
A,G,165.24912611723053,-123.03747266211704
A,M,137.0725821984433,-51.74804066954556
A,G,-7.656143746941188,80.91846203322191
A,D,141.41555984556965,-60.33770454552725
A,R,124.46655365667979,-91.85256764737437
A,V,161.24710824768826,-131.50294027480004
A,R,157.77789646188313,-136.977837997508
A,K,136.4277889145057,-63.17489537292339
A,K,-32.91735565536845,-74.80803202013587
A,S,173.79604445971782,-155.69108405858879
A,G,-136.40392894407398,64.94615202323817
A,A,141.4078465228254,-64.23939463037173
A,A,155.1190084616273,-89.65873261918279
A,W,141.01882591467677,-162.5345767843413
A,Q,135.96488048383748,-156.08058516867922
A,G,-155.4477222385237,163.83554549494033
A,Q,144.94310359997573,-100.3722591391545
A,I,125.44260330475664,-62.60464644181306
A,V,5.249606613395702,-125.01270174058875
A,G,-176.2888854217756,176.98668831734142
A,W,148.2185050938342,-151.59569914858528
A,Y,162.93608270416505,-151.57446029367998
A,C,116.84176790478514,-142.98167541789272
A,T,176.18416835397667,-134.03803649040995
A,N,-40.5277723061125,-62.04882150045874
A,L,-40.462650310100116,-68.12724696592284
A,T,76.66897975178622,-127.98955586900131
A,P,-14.385110463971058,-68.47544293246618
A,E,99.7099992480756,-135.98123132945904
A,G,160.20295953138069,-122.18328144048415
A,Y,147.01986582023014,-130.5903732276165
A,A,134.4512860176637,-91.89937531123175
A,V,120.7138345327275,-132.62445978468298
A,E,128.15478605120154,-88.45604934251936
A,S,138.33243349712222,-62.28281450094129
A,E,-13.89673003536423,-81.43950017260997
A,A,-27.038405944152842,-90.80234824025469
A,H,82.27987248107796,-129.62348889520263
A,P,139.40183691280902,-52.31845871360435
A,G,-31.60534414403498,94.0195207619088
A,S,136.03274060818427,-86.32633254075604
A,V,137.53070928673793,-127.28599872183976
A,Q,162.93623805999562,-122.63789142223801
A,I,140.12294247036414,-124.37913793790692
A,Y,152.1681263964288,-144.25366580318018
A,P,150.5371214984596,-64.65347457361543
A,V,-37.437723940973775,-51.90890920805896
A,A,-19.320635928128098,-65.80707766307773
A,A,-10.68673274661055,-84.16664372757302
A,L,151.8710773510818,-116.52729130278196
A,E,147.3225899083231,-137.6516200362593
A,R,145.56300910393367,-82.74174085295853
A,I,165.34299063457658,-133.05851704980978
