Chain,AA,PSI,PHI
A,T,148.63081224791142,-138.4327568187542
A,L,152.22130238100954,-75.55694071837131
A,F,153.0319594946744,-116.51216676994335
A,E,148.18883216520783,-125.46034850244821
A,A,129.38727838636484,-71.27388484749243
A,L,-26.55755161611288,-82.27353802878133
A,Y,157.4215812690732,-144.53877916616548
A,D,149.14947086588234,-59.74446011130962
A,Y,131.4141235237768,-143.84708319759764
A,E,123.38127287224613,-103.33774384338255
A,A,135.3572478220373,-48.94774391144591
A,R,-23.223763044273444,-110.5119025470099
A,T,165.61150327754214,-124.40721052969913
A,E,-20.68716584199783,-67.82572745169914
A,D,-14.363987076195063,-89.1720848866805
A,D,151.01708828829862,-69.36574850873546
A,L,144.87034231588115,-96.39095505326236
A,S,151.1520127522307,-89.29644421289933
A,F,165.39123321827233,-158.06575890387975
A,H,159.6523893659632,-109.74611956308408
A,K,134.29249744712018,-54.14818054748472
A,G,-17.933215574574774,93.23936758864822
A,E,135.40456702876185,-60.41752711837943
A,K,150.5323883451463,-99.0944977798646
A,F,139.60037286668333,-136.38097134701016
A,Q,122.2553373296458,-89.10271856190474
A,I,122.94099193343004,-84.59597384563111
A,L,-41.368493770701065,-94.48388151465267
A,N,134.7838772747889,-146.79108383594934
A,S,12.6489129419127,-125.37332745380988
A,S,5.320257292449366,-91.6645094719243
A,E,27.24120068454898,-114.1401163651441
A,G,-158.84700155507198,101.50094837063443
A,D,-26.652520197474914,-68.04139697620565
A,W,113.92714708917082,-92.34041163469173
A,W,144.15023901409677,-87.2516719486143
A,E,129.7285500299781,-82.98099761722011
A,A,165.79735049081407,-148.61298838388228
A,R,126.78665152375528,-120.69627186290424
A,S,129.31681777398967,-72.17161830195536
A,L,0.34880251240987215,-81.29875149790807
A,T,-50.06267206961841,-94.5638469237976
A,T,-23.75302892504549,-100.31996856148231
A,G,-3.4330567287360063,81.41849472381709
A,E,146.53234766769538,-74.31150796524399
A,T,136.1713829157464,-107.06605285292108
A,G,-168.53211806935835,179.87639765706913
A,Y,141.86160318847732,-102.63721266634086
A,I,143.19775995025063,-141.1096234054012
A,P,119.68837008702168,-68.42426045755519
A,S,-34.62114911510982,-55.996384554060164
A,I,-20.383634701193376,-64.94404823726748
A,Y,-2.901088873905095,-80.84085091798883
A,L,159.03483040334464,-118.16912885197573
A,A,153.33722128054276,-140.57549147986344
A,P,142.64405274387738,-61.1165091766517
