Chain,AA,PSI,PHI
A,L,141.98871687400904,-87.75351507592448
A,F,164.8199356466109,-135.97974041057125
A,V,144.71595865463985,-131.61162379154115
A,A,132.95060139279008,-75.23790197853968
A,L,-35.275315784633534,-86.1755794589646
A,Y,160.49124241299134,-138.79136759557474
A,D,143.6429385189873,-58.76271761570478
A,F,115.57977634142921,-141.41332855825198
A,V,120.67738921994415,-80.02109655199983
A,A,117.54210907822936,-50.512808522845845
A,S,-12.497509480577687,-85.92408814976363
A,G,-172.32261340448233,87.1072004616199
A,D,50.67154721111083,65.86491833845494
A,N,22.47206777179424,68.8596007839098
A,T,163.87056125498108,-83.96481026331199
A,L,132.52123632514855,-133.4352862507877
A,S,132.28462045082847,-76.48695266688051
A,I,145.8690151485814,-129.43083876261454
A,T,145.40297213649885,-104.54574898676533
A,K,134.94945412271946,-51.78404756085247
A,G,-5.847307384472941,81.80837093899675
A,E,145.7687183781941,-81.51677455644392
A,K,132.8061652826578,-87.60943267510204
A,L,156.70839845680834,-124.17444753885349
A,R,121.31033076255531,-121.53620943075974
A,V,136.22120466785066,-85.53807446101771
A,L,-35.20248492361548,-103.17650825510117
A,G,-171.60465398744995,-177.5039883483694
A,Y,164.86149058434088,-130.1047438647625
A,N,-175.1615561513481,-87.82856339688365
A,H,-48.183185632080104,-49.95070797738534
A,N,-12.503210565778847,-90.38209605641757
A,G,7.178956963524495,81.6504491655759
A,E,-23.887306822585675,-71.83682834201444
A,W,145.32818044286518,-120.22358741617391
A,C,126.05140085185583,-128.213096515696
A,E,117.64121378921243,-82.41409957614187
A,A,156.1571476748661,-126.23964266326747
A,Q,135.33977865663732,-118.81365277061168
A,T,179.61469350710163,-134.08005280153037
A,K,-23.71216953081081,-57.56859621272362
A,N,-14.086791392129903,-94.09714744084289
A,G,-151.01096192287835,159.62733694428184
A,Q,141.76221370911298,-148.84480690049693
A,G,-179.72717780490558,163.44083343293192
A,W,142.0026972274201,-82.31815395336858
A,V,154.3309031317724,-137.27233862236884
A,P,131.1319552283528,-62.68291544106751
A,S,-35.74769860386492,-57.428849702785556
A,T,-0.49562792909455994,-77.40137785285515
A,Y,4.055746319037982,-99.87705076097541
A,I,155.70578350820676,-136.99475086546533
A,T,148.7831143463412,-145.36466202439314
A,P,144.0261491923907,-59.39630246594111
