Chain,AA,PSI,PHI
A,N,78.77093975470142,-76.90676060732503
A,L,145.08303509470483,-92.05800023690678
A,F,167.4491959625488,-133.25143653390813
A,V,144.0708151249335,-130.96270860125807
A,A,128.29567441100582,-80.10549238584184
A,L,-31.575345525517616,-80.50622504117555
A,Y,160.19891113990468,-142.82856124419564
A,D,145.5198120034755,-63.49038026060032
A,F,121.05455804141297,-141.1312534632943
A,V,120.88825914337,-89.49273377186178
A,A,128.09991406568784,-47.045751730862264
A,S,-82.73706847305024,-118.95437722832048
A,G,-153.78056211044597,-83.85570277327382
A,D,115.87888038286738,-67.43461436614311
A,N,39.58568220130331,51.78647015034087
A,T,158.0768198344677,-90.94426135671716
A,L,135.43514000442917,-126.91716847366997
A,S,132.84811074528892,-75.59332039616814
A,I,148.79452013563247,-132.9300746384698
A,T,147.4115134961373,-103.28043209905367
A,K,133.12019014850372,-56.72843530279025
A,G,1.495076336066183,71.18030103595687
A,E,154.89490071154742,-82.83195555237394
A,K,146.52461435829582,-95.07685709556833
A,L,167.23316348614551,-145.2969782263617
A,R,133.40044604901982,-121.18463441006983
A,V,135.29860951784573,-92.91722314335006
A,L,-31.62893878429162,-105.5445511586527
A,G,-167.6409823754259,176.32934822813317
A,Y,159.43130128520497,-137.70744067392005
A,N,-167.23161652155355,-84.968568223581
A,H,-61.060879302685,-63.429057713552275
A,N,-15.266512545164801,-71.80895497845998
A,G,12.10649437755327,88.29821753317465
A,E,-19.118422795822447,-79.92811270531442
A,W,145.14426749750086,-122.63006582935499
A,C,133.0508485418797,-127.40796370387922
A,E,121.09640649378355,-89.62608792693177
A,A,161.86271445840407,-132.69055228372008
A,Q,137.5358283814191,-121.54201945274862
A,T,177.53645869821025,-137.57759689090395
A,K,-15.096846399106484,-60.236534002509764
A,N,-15.817462374309478,-94.8827860067272
A,G,-161.6361739077891,155.7729634741181
A,Q,141.27957233094318,-136.90359879649628
A,G,-178.93527886019277,166.34358293500622
A,W,137.1440695559819,-80.06537058859172
A,V,153.54203161234025,-142.30837390172755
A,P,130.18595829238328,-63.81362689003379
A,S,-36.22830640853654,-55.097970897261945
A,A,-8.310020987800641,-71.62912811998837
A,Y,4.761361944920797,-101.0695984420565
A,I,161.42758282634355,-135.24873410025035
A,T,146.0830415011026,-154.74576643354334
A,P,145.78482484217977,-54.09140386694064
