Chain,AA,PSI,PHI
A,V,153.87087549563105,-85.19382191947349
A,C,-167.26753234146435,-94.89387508939419
A,A,-8.961445117457647,-79.17477759848008
A,A,142.90883805844612,-64.72004953679449
A,Q,-37.506855950940704,-63.71157387543753
A,N,70.31826509610026,-116.1266596957226
A,C,124.03643924168946,-69.46825949463853
A,Q,4.61200023052134,-87.14515424314621
A,R,64.90657433540407,46.96351910030778
A,P,-10.704051475131525,-65.59538477515605
A,C,-8.893045765484837,-80.48045803874943
A,K,161.40983804855526,-66.64694976657987
A,D,24.747179666058294,-87.34115737854519
A,K,148.3090321666618,-135.7682570035999
A,V,127.72556078406018,-120.35273045993752
A,D,139.30348624229072,-95.31368597282042
A,W,164.70476870928024,-125.10780206138867
A,V,139.97067912111675,-148.82769644595263
A,Q,141.61646523461926,-104.94941903108483
A,C,140.27211655704724,-72.07243533821543
A,D,-8.254180532251581,-104.14924912453107
A,G,-14.932038761647307,-67.46293988049919
A,G,-32.59941025907299,136.24854651391587
A,C,-22.569854299772086,-73.16290025942891
A,D,23.45632669217819,58.57637197954289
A,E,157.31333320280223,-88.90700313254776
A,W,135.15011911249667,-95.53934372270132
A,F,148.22715519877872,-126.86645768689377
A,H,132.35051468965432,-74.42656501520656
A,Q,-38.802973087178316,-57.5003413427984
A,V,-31.252762967373812,-69.71639112644205
A,C,-25.252540249080734,-66.76949386643679
A,V,6.837969928441665,-108.10042948827439
A,G,34.537995539154885,65.82153834978202
A,V,144.22120043021474,-112.28659501154736
A,S,161.3591194518403,-88.63034215321503
A,P,-34.44736918945845,-57.166199645645094
A,E,-53.009017659814056,-61.70556588094692
A,M,-50.11057469974898,-56.69062401171312
A,A,-33.098983809962036,-54.74584882061954
A,E,-36.926933931334176,-92.98176538049219
A,N,-9.068675324516398,-83.1816301209745
A,E,175.40464110243047,-149.65989749937046
A,D,169.30169243937988,-77.7743325932371
A,Y,127.95202140585593,-130.2442470309198
A,I,114.19317108455535,-122.61264758668864
A,C,167.643034907598,-68.51240800812805
A,I,-30.070178997012277,-63.41141743315782
A,N,-27.97202947428219,-76.22300590195177
A,C,-13.760515814822812,-93.8799247550893
B,R,129.90176160174016,-71.64901697075007
B,T,168.9541266161265,-132.93389360844492
B,K,162.23170496198514,-163.2538078395612
B,Q,139.88935189018204,-128.7217457241435
B,T,176.82863326521414,-126.47385236159725
B,A,132.3013273797692,-77.06084028793035
