Chain,AA,PSI,PHI
A,T,128.87328575039328,-83.28763527902305
A,L,129.32929286273577,-92.48826438972621
A,F,150.72096992418906,-110.43569739255771
A,V,143.43062688495186,-110.85086199091792
A,A,126.3576051184977,-79.88842594873505
A,L,-28.834605871053615,-84.9387844217279
A,Y,166.4140999787291,-140.03779009581814
A,D,145.89640478809818,-73.8007217718225
A,Y,133.7942085249015,-144.33269918813812
A,E,124.99470528009981,-114.70455402504304
A,A,151.84907298069024,-62.980591918033674
A,W,-2.1840538431758736,-147.12887013507427
A,T,-168.90435293976503,-122.55300552178639
A,E,-18.623885524133513,-96.07997989885739
A,D,-4.6032628112244875,-110.29792495640649
A,D,157.34814893276774,-84.83577458130232
A,L,134.01789559563312,-111.57715301789278
A,S,137.1385820594778,-79.64624340089416
A,F,172.48308730104665,-156.48596646936454
A,H,165.16717006600106,-126.21559225176557
A,K,125.28131176568624,-56.32825471001443
A,G,-18.961110611236347,103.11426653777568
A,E,145.24516631677577,-55.79678312439053
A,K,154.8376144862293,-110.39243965574755
A,F,144.563474854173,-134.91323823375967
A,Q,124.8419990933424,-95.67033038333528
A,I,108.58032465151075,-86.11075910438568
A,L,-30.414913124865482,-79.64343395121668
A,N,114.74018421815498,-154.18073929807662
A,S,40.18307539047425,-120.99583026295804
A,S,1.3527027576521224,-99.89056609857194
A,E,26.080661622058162,-109.47777171038814
A,G,-71.71892089098915,67.90087096167196
A,D,-41.26454208942621,-91.60921395200721
A,W,121.93703226049729,-104.31322450992856
A,W,143.97320497678604,-115.08073415385945
A,E,124.78157810016742,-80.3286305258713
A,A,158.68748871170212,-134.02330345365988
A,R,133.0128093288939,-121.4463453040596
A,S,124.83487658422769,-85.58155380662761
A,L,-21.010412186293056,-67.65993235727322
A,T,-54.28736868425773,-72.86235511003441
A,T,-8.490771569017726,-103.23163359318256
A,G,32.91983827400352,68.5645286786492
A,E,161.3153540265674,-120.45296732233257
A,T,135.39942202965835,-126.93502853868553
A,G,-178.3703785672151,170.98377069083216
A,Y,142.42534715111225,-77.39478939005294
A,I,154.0963024681682,-130.8894303506989
A,P,139.35886723219974,-80.14200752016649
A,S,-20.555730801287567,-69.99650118345724
A,N,4.928096474803277,-84.8248842329641
A,Y,-5.876410148112802,-103.59618880712712
A,V,154.08275378651442,-122.66331228887785
A,A,154.11742662617112,-131.18755554102333
A,P,147.71417206098815,-67.20276077210572
A,V,-48.94400932693189,-66.68891413720036
