Chain,AA,PSI,PHI
A,A,-29.322293826957832,-65.86291418707825
A,V,102.4449723298583,-78.62922189687532
A,E,-45.58955814038719,-76.35839581187108
A,S,135.3480449562878,-149.10388421751017
A,I,119.2109701108809,-92.7136728060214
A,E,-36.45629645152183,-96.17105655361615
A,K,165.19853444063506,-158.7801242455026
A,K,157.82730719205813,-132.06129753955392
A,R,168.2224234910348,-150.03171836151878
A,I,135.68358031655242,-112.76566553259941
A,R,120.78984005717092,-135.51200883943832
A,K,39.260938069578145,53.41196871837305
A,G,4.553558774568047,81.57874079739149
A,R,147.0893142497957,-119.86832422067754
A,V,134.4046767376368,-84.82383031246505
A,E,146.84035386540944,-122.33290051101424
A,Y,136.31251781722455,-115.87928276915451
A,L,118.30720110086182,-84.40505898838784
A,V,127.27661138287144,-108.63032736398897
A,K,124.44753067010025,-90.15320126431804
A,W,138.27541034465347,-91.46595609819998
A,R,128.7059339367849,-60.45055700938388
A,G,-4.1985299499964155,85.19688350367804
A,W,137.68531530405542,-118.50789259917055
A,S,160.89602275289667,-64.36642981033202
A,P,-16.006702050236132,-58.68368270862657
A,K,-16.03926774456671,-67.0329392315102
A,Y,6.6394464262445165,-95.9018555029771
A,N,144.0917073148556,-59.19187932712805
A,T,143.48338339711077,-128.6103521509489
A,W,112.13275034255597,-83.81638455872026
A,E,126.15685209243317,-108.13885460108311
A,P,142.80925121217504,-53.59723723548185
A,E,-35.41159038627121,-53.791899065598024
A,E,-15.769166887384882,-65.97558219161407
A,N,-21.027533751288015,-80.39502318876401
A,I,-18.994978592031185,-123.59351545843363
A,L,150.50728636557844,-85.65409434800634
A,D,121.45282805372065,-64.56410195425666
A,P,-22.852635728910926,-56.7393684276679
A,R,-18.631044589924652,-59.0401394874365
A,L,5.348234706284411,-92.75374656385142
A,L,138.82796848322786,-63.29284510995682
A,I,129.64812150663855,-79.75617342793149
A,A,164.94198413945043,-80.20279169285958
A,F,29.74508379002048,68.83854079959539
A,Q,121.40356259602899,-55.427589104288586
A,N,149.6900934486257,-68.97835457636873
