Chain,AA,PSI,PHI
A,G,153.56132181582586,-85.36254223892129
A,V,119.54417856907571,-125.46049265765255
A,L,112.9914679692398,-120.74359029370383
A,V,105.12998784612712,-104.63021895697015
