Chain,AA,PSI,PHI
A,H,149.63585405723353,-138.6357040583556
A,L,139.30202416211398,-91.4449518815824
A,M,147.2003333105729,-105.71208058884746
A,C,138.7660953564202,-61.92112717246004
A,E,-39.43867834936701,-64.35415250390705
A,E,-48.978180168819264,-84.5596332378148
A,H,81.1475468682292,-98.6524624398708
A,E,-15.413358949816898,-65.14093041813294
A,E,1.0754278361092704,-98.65889755364226
A,E,139.32617541716465,-100.64008382462441
A,K,140.81564424178083,-79.94891360681642
A,I,106.93481784034348,-73.76436957006243
A,N,0.436075190499249,-135.4995547910571
A,I,167.77312513501568,-130.4813695611186
A,Y,126.90177695424751,-125.40386907956037
A,C,112.7583701292939,-80.74601756073373
A,L,-28.640695847991257,-73.67914440131027
A,S,-47.176447273130925,-72.55445230212841
A,C,-9.599842323037663,-92.0148732547657
A,E,56.70103196533217,57.068346868192656
A,V,136.0064308220881,-150.07405853526387
A,P,144.0323642329244,-64.3119325212102
A,T,-177.35495191534906,-145.89577472298035
A,C,164.49486213650778,-107.29332061523048
A,S,-37.867439291896034,-61.44864553700666
A,L,-27.744493875224393,-70.17510044772015
A,C,-32.08077166505165,-64.20230433759608
A,K,-41.386470684729716,-83.62885461045782
A,V,-48.673190421598335,-69.29031222594729
A,F,-24.363721514770255,-120.55023231800922
A,G,-145.15641523523087,-95.40596389881301
A,A,-21.42973205348637,-70.29898810652658
A,H,25.73594209785666,-108.26989739277592
A,K,-33.39248644276603,-62.73618697533699
A,D,19.084725421005352,-102.05495045934556
A,C,157.4969524617837,-95.96981182951481
A,E,131.33955612573405,-84.35622747287425
A,V,162.81063755224557,-125.48409465934127
A,A,152.48657372041833,-129.39419462633876
A,P,145.7712046203743,-75.9513564344255
A,L,156.2857974380774,-86.01175484353205
A,P,-31.40997485151035,-51.6030774505636
A,T,-28.289660540898776,-54.580662553310376
A,I,-35.35384207035014,-66.15309988933484
A,Y,17.304594479650877,-117.6867713262248
