Chain,AA,PSI,PHI
A,A,132.48109697876865,-69.07691786342431
A,T,-41.16426427307858,-66.00770672634243
A,F,158.01889016876927,-119.82612436621542
A,G,166.86281155237614,-119.64798269560461
A,M,132.6355740769893,-51.225666673079665
A,G,-11.519532866108097,88.56897070707114
A,D,143.7000291634297,-58.12207837017982
A,R,123.59737238638016,-91.93080057261012
A,V,162.19800421427615,-135.04298693590107
A,R,157.70316888923395,-138.95967179321084
A,K,136.10358308585768,-66.37587992700172
A,K,-33.243409503202685,-71.78351910915731
A,S,170.7973282370911,-155.11775954624176
A,G,-139.8692784468979,65.07760169418924
A,A,135.3799676637325,-59.090075659302755
A,A,152.7037215561581,-83.82955174185379
A,W,141.26248167465292,-163.64325086777177
A,Q,137.90745583666254,-151.9799711054202
A,G,-153.26255447555715,163.1304659864485
A,Q,143.49038735343728,-103.70773361491102
A,I,127.13519534076461,-64.71313620915912
A,V,4.596646677507311,-128.00189935422435
A,G,-170.13296376442187,175.2666695508452
A,W,157.39298290054936,-153.43386821035054
A,Y,163.25388138172963,-152.77544795043
A,C,118.90431924848502,-148.18600352170134
A,T,172.76498936061034,-132.57541111634708
A,N,-35.646902164881354,-62.09245578527585
A,L,-33.219276482614006,-74.40148145527273
A,T,80.94261133721467,-130.1362764635643
A,P,-18.605958746095904,-68.49626573938535
A,E,100.73552190685808,-136.3457380255628
A,G,158.51561240659424,-123.24038072990706
A,Y,148.55077008252798,-131.42401457795862
A,A,132.53892981184356,-96.04433461765264
A,V,121.21203264965538,-128.35166764652604
A,E,126.07534336362724,-86.30468672724983
A,S,138.54461558376067,-59.43846868530173
A,E,-15.373640183407339,-82.25747246454891
A,A,-29.47284567987988,-90.88144777645897
A,H,78.7153012938792,-126.95492932490376
A,P,139.06905937795293,-53.24655880506869
A,G,-22.140508788157717,92.11519498653308
A,S,130.43642414184157,-91.29055589997505
A,V,136.2308689817466,-124.96621003509514
A,Q,155.72436743099271,-127.3773908548608
A,I,137.20160242344338,-116.10757462353543
A,Y,155.02515608822003,-144.7348970370023
A,P,153.26929404799526,-66.36572678212674
A,V,-36.83210954644843,-56.40137959827557
A,A,-19.762996414994227,-64.55594722087805
A,A,-8.570249952261943,-83.79922762093304
A,L,151.3873710669005,-119.33942736282924
A,E,144.9877619932499,-138.57147647870053
A,R,141.05794204565743,-78.34022053358426
A,I,173.5391265091447,-125.53843989113966
