Chain,AA,PSI,PHI
A,Q,141.10071326689015,-109.75169096304461
A,V,156.0325115360039,-123.00353504370412
A,Q,131.6883998744814,-90.11761290027216
A,C,128.5309538045934,-64.95841719832553
A,P,-9.91947021849628,-68.94345413808209
A,V,-55.518761221352094,-102.73427470200669
A,C,-11.177782636460849,-100.11633993327112
A,Q,-2.765664662464675,82.52558548521658
A,Q,142.1913168011656,-64.35938032179469
A,M,138.94962535964947,-87.06229367129447
A,M,157.97063313625947,-160.33991163228208
A,P,142.0929743391257,-59.499242171200905
A,A,-28.986060667940716,-56.06791256278507
A,A,-11.679569874732705,-75.23970739295899
A,H,-17.241646320232654,-95.40917409827907
A,I,-41.29174200294775,-62.12499823354771
A,N,-48.04413339933139,-65.68000720383927
A,S,-39.61103079472688,-61.02928104779338
A,H,-48.029664206094296,-63.964873438630214
A,L,-40.338300199861955,-63.127183504593155
A,D,-46.11199745075288,-62.41042949733485
A,R,-39.75751417486185,-73.0748624765151
A,C,-16.471260267001554,-84.97009401969068
B,F,127.63370953499651,-96.84116875706894
B,Q,136.1436297281762,-82.70161432467022
B,V,149.723013562238,-131.9621097762077
B,Q,132.9927696317283,-88.39289540755694
B,C,122.82330503408892,-65.26066269931913
B,P,-14.219040494829132,-67.3755378786883
B,V,-49.84558910055979,-97.77454280434509
B,C,0.18051663580943117,-113.87705643471291
B,Q,26.299968070961985,57.97118669965317
B,Q,146.15639974565315,-92.19504109714441
B,M,141.13739565052748,-82.95720641138496
B,M,166.62502520187888,-159.91864268995326
B,P,146.80513528404583,-64.82680789433064
B,A,-31.53988206355478,-58.133186768874104
B,A,-21.531537870319273,-65.57480478840972
B,H,-2.2171340044724346,-110.11291241986439
B,I,-33.84428440132385,-65.34134488122042
B,N,-51.93606845451245,-62.31598559544364
B,S,-32.54269900478763,-57.71939553449386
B,H,-35.689710200655256,-74.04948371928513
B,L,141.97660337069797,-89.17408982405838
B,D,148.1508087576712,-108.58398836034905
B,R,168.32218521594922,-94.66845735403912
B,C,142.69614856675238,-79.5420354310201
