Chain,AA,PSI,PHI
A,D,31.622160067656246,-96.746068816592
A,Q,139.60476401010607,-131.76493751194366
A,V,150.67414858237566,-132.45648416598408
A,P,132.63351498893303,-75.72109035605784
A,C,136.49351363090219,-59.78973284659421
A,E,-29.42213140841109,-64.90093635372803
A,K,-46.53926820824979,-83.04055462000512
A,C,-10.623602290745005,-116.87612575537732
A,G,-5.684560808585699,82.84505187137415
A,S,139.09532844348902,-62.69423880731378
A,L,132.07905930864268,-75.61862422184345
A,V,137.42654343815235,-136.7618596690936
A,P,134.60365481785377,-55.54955530628652
A,V,-39.61872242694858,-52.980565712997986
A,W,-7.82128058158441,-79.60073832319092
A,D,-0.6181428280428426,-97.95832842373483
A,M,-36.93341545674236,-61.73781654370426
A,P,-45.93449989725102,-57.898814663140556
A,E,-35.01966318403621,-63.264315221624344
A,H,-40.82765399696562,-64.89739353693103
A,M,-31.397714402237373,-69.15275933959344
A,D,-41.670875753906216,-63.6845705439393
A,Y,-45.79324003661595,-58.49363282813099
A,H,-46.08584768380092,-58.15612537539298
A,F,-48.040170745995084,-57.582354602974064
A,A,-35.883850730832954,-71.255846887716
A,L,-37.889869463511225,-65.09086007426185
A,E,-10.818957481646528,-77.25735173018683
A,L,-42.91683362827851,-76.84739444239858
