Chain,AA,PSI,PHI
B,H,150.70869189614692,-103.51360829631032
B,M,131.0471727991627,-83.5299034938651
B,R,148.5683403331381,-84.64332471555741
B,V,-44.61085844793511,-70.26474623951783
B,C,50.29676355604046,53.42061208445272
B,A,149.67022179677014,-79.1536015720827
B,C,129.49186799560346,-59.33399678020473
B,H,-29.705934828196504,-59.37763207355758
B,L,-44.56825154244038,-88.85726422929177
B,C,-14.403588327076013,-109.40458682331223
B,G,3.5351844561448145,79.20633822991464
B,G,158.5230389641329,-92.4847243129687
B,R,4.524051110201489,-111.10050722745467
B,Q,161.7988234016759,-67.24525484117018
B,D,58.08781729130379,49.62779241700591
B,P,-27.712681951248406,-57.252653139947085
B,D,-12.993234358072192,-66.92475763984683
B,K,17.862878194598444,-113.61786000521897
B,Q,142.90964245898604,-105.49082101473827
B,L,145.68668539524097,-114.63275366645703
B,M,134.81096878599223,-107.35581685701808
B,C,129.5085173906616,-73.16874389000412
B,D,-8.790382154809901,-77.34821966061047
B,E,-57.980816552256265,-96.20739638901402
B,C,-8.062534978387886,-94.2074897889659
B,D,13.16884611104509,71.14675559548286
B,M,150.7779105048512,-89.64138704367848
B,A,148.33859615149143,-94.9788547312501
B,F,130.83386488749804,-143.19496362839647
B,H,137.85502875586263,-67.02071672909443
B,I,-30.066544892324156,-58.77011587663302
B,Y,-1.5563348311140497,-87.10615859892633
B,C,-19.43140214226099,-96.10149734593828
B,L,147.97796392062375,-63.43908954216223
B,D,102.644829978024,-118.38031894087054
B,P,164.97072099202424,-81.33678995578319
B,P,147.03134171781684,-70.85158748603102
B,L,140.8937978674205,-83.66401849850051
B,S,-31.112227862948128,-79.20803734367193
B,S,156.70656231744127,-148.98831077560277
B,V,118.7180461291352,-70.28088485682956
B,P,143.61186338893128,-62.89676583018061
B,S,-28.109342216767214,-63.35143422951956
B,E,142.81482510791068,-63.3881062712905
B,D,-0.9537687747567893,-95.29774292343059
B,E,140.88731288783922,-100.02002450462153
B,W,140.57064754237112,-161.61411555013134
B,Y,130.8577677272094,-124.83324992201025
B,C,169.46592174895977,-68.72854379840135
B,P,-31.440736798528835,-56.499692893745234
B,E,-42.1773915133393,-74.25447643993415
B,C,-28.01681586477969,-85.01037402672092
B,R,-15.30118769079255,-70.01574378311993
