Chain,AA,PSI,PHI
A,T,-44.72412277088118,-70.28978953051308
A,T,-49.314808397457455,-59.86970680235446
A,V,-39.39677409546495,-67.35620686724654
A,A,-41.44738849928641,-61.64190280508976
A,N,-33.976035156840354,-64.58654973758318
A,E,-38.45616360414874,-66.23452968716408
A,V,-42.97152733461863,-62.965557076297856
A,I,-34.54275822624333,-62.4464735797215
A,Q,-13.590764357976079,-72.58452133727992
A,G,14.78860827083164,86.56200158818744
A,L,-22.73867525913784,-70.1958991819592
A,W,8.110612967872878,-102.76120852187086
A,G,-173.71420319840666,91.31361705135937
A,N,144.95089802849824,-114.53589561445528
A,G,-128.94108986803278,56.857562356986165
A,Q,-33.22993790993432,-64.31436542366639
A,E,-35.04760326073851,-60.9958168167673
A,R,-42.66278491531122,-66.33962539728944
A,Y,-43.72127121646263,-61.93203476160259
A,D,-44.42921933331297,-62.64150800283921
A,S,-40.07376806304771,-69.6337266242815
A,L,-43.807806535365444,-61.47414230693028
A,A,-42.07471753445903,-63.80007469133426
A,N,-33.131863444817434,-59.4117151323733
A,A,-5.317942270347789,-84.72958013025091
A,G,7.612413900843648,98.9186202354435
A,Y,156.76780175743372,-89.42228273152803
A,D,109.58961383240396,-84.89242010040508
A,P,-27.268566418344463,-69.00891182151275
A,Q,-39.991500888580575,-69.69267263828941
A,A,-39.691380919979494,-60.709390665125426
A,V,-44.86042146889768,-66.10926182249355
A,Q,-36.77499673627908,-63.514196602272975
A,D,-39.561028147741546,-62.070969001168784
A,K,-39.599265979708825,-70.59854552766603
A,V,-45.21273239714215,-52.08813819661847
A,N,-42.5680281051552,-60.45998284629022
A,E,-46.47388484107251,-60.8299886096641
A,I,-44.934717824970036,-64.1441557310864
A,L,-35.26523484377952,-67.89088908141738
A,N,-34.83431598711028,-68.44841693108228
A,A,-24.04320465844572,-79.3822774566048
A,R,148.11942337561743,-65.08914276032378
A,E,159.49568125957973,-68.36502294487111
A,I,122.24597272513495,-58.71073969451411
A,A,169.23339633865154,-98.87886836657337
