Chain,AA,PSI,PHI
A,G,-46.86928837380729,-57.827929657017684
A,S,-47.04809022559582,-57.406693214679535
A,E,-38.423970639153964,-61.956807229361296
A,N,-43.82755905025903,-71.12052399918103
A,L,-42.6086455262273,-61.699009759885215
A,Y,-44.45590640607427,-60.35629758764783
A,F,-38.099499275058584,-60.892424542294236
A,Q,-36.18023070838644,-61.316872100146824
A,G,-39.553396696162444,-62.90806891367252
A,Q,-41.661827082936995,-65.27097687222866
A,L,-40.436708950756056,-61.79276428126146
A,N,-43.83932846086373,-59.004240355438846
A,A,-40.865284541703005,-63.92320188398975
A,M,-38.722870994694745,-64.17260112175698
A,A,-39.651489450740634,-65.57941370484967
A,H,-41.0384139641984,-60.04964408899104
A,Q,-36.60691677861831,-68.27704058912536
A,I,-41.61461070208603,-68.38438995268542
A,Q,-32.85617493528184,-62.02505084214824
A,E,-40.54644835555035,-55.04460390537374
A,M,-29.380799164795672,-81.641641654601
A,F,68.96487868593405,-130.22180662278512
A,P,-13.746770971313763,-67.04104819095767
A,Q,-6.246108641678074,-84.50113832626404
A,V,125.24134022495315,-100.02169471359139
A,P,134.90631318139253,-55.10110453408174
A,Y,-46.19986380388493,-53.2395890614972
A,H,-33.01370781709304,-62.12274066280014
A,L,-37.12403358078153,-71.68873130422227
A,V,-47.15626974371666,-63.14296915459806
A,L,-39.738779509841706,-68.03168089118178
A,Q,-43.37804215400928,-60.38519841878438
A,D,-39.215634433302924,-63.893993208168574
A,L,-26.578191395030977,-62.83153304773025
A,Q,-35.221730660970614,-61.31464383463928
A,L,-43.36493624640501,-83.73360815119877
A,T,-32.0674759657561,-87.77977495839637
A,R,32.60947507939415,52.60878636666231
A,S,119.22910011360712,-152.74074113465997
A,V,-42.93389318913008,-55.72183615100693
A,E,-46.17112743159833,-63.91768936297294
A,I,-43.780216512025305,-68.2640970639875
A,T,-36.91979375604041,-63.76529832709242
A,T,-41.184739105019176,-63.41772932198025
A,D,-49.595248842977036,-54.819783452684796
A,N,-42.11773512962602,-58.841522931209035
A,I,-47.12728983258825,-63.43720253224436
A,L,-23.079195672283223,-69.61185131455017
A,E,-3.057760080993643,-86.71804114359763
A,G,26.890047419825624,75.14610122196234
A,R,-17.159519988968682,-92.20680163946277
