Chain,AA,PSI,PHI
A,N,15.42003194242027,-94.72367873140537
A,L,132.0235449435823,-86.65838491586223
A,F,162.67452451830226,-135.93523933646927
A,V,150.94585906538057,-127.49844639896908
A,A,131.74673719515275,-83.3864970217842
A,L,-27.740921710550104,-83.69319736667559
A,Y,156.9212393225433,-149.88814759528066
A,D,148.18175920980684,-68.43393218064972
A,F,125.3871256980343,-140.69811154912642
A,V,124.90480039750182,-91.16504358878159
A,A,134.73819863633116,-51.256665311100065
A,S,-37.86323846949803,-116.8979720923099
A,G,157.82339663927863,-100.98059606966045
A,D,-28.154830877112275,-63.04252012056102
A,N,-1.7166914591939273,-87.13746821433888
A,T,165.95710742281332,-87.1433007323492
A,L,127.42398501417627,-130.99460495169046
A,S,136.4458974568806,-70.34041034656046
A,I,159.26814348813934,-133.52486764925138
A,T,139.53236871771895,-118.09032275769172
A,K,130.01414028850587,-48.59723860499459
A,G,-14.52812600876841,94.06394203626739
A,E,151.91421212553087,-73.1774157884727
A,K,140.4362484741747,-97.2770818441425
A,L,159.80219822893017,-133.6453057394846
A,R,130.2560366616969,-112.9546915884448
A,V,131.1370198402434,-100.10324053950463
A,L,-25.64959598572006,-92.10225220767512
A,G,-166.03229346154026,163.73472752518106
A,Y,160.07073592780594,-138.414317013389
A,N,-175.8779386450021,-79.49089783286936
A,Q,-33.255175805329706,-65.31401639792554
A,T,-12.313899296171972,-87.43896893182816
A,G,-2.4876210677943074,81.86360553108784
A,E,-24.681283966800617,-75.47762054535747
A,W,146.430844072583,-122.50100582974781
A,C,133.4590391361966,-124.93301871244987
A,E,117.78298758678986,-89.93566083936598
A,A,160.63656174644964,-133.73513167799018
A,Q,134.98484501806513,-121.25086551921036
A,T,-175.36027921895854,-132.32823553288588
A,K,-14.683282207262607,-63.248440577711534
A,N,-11.677653420894805,-99.95364138227315
A,G,-152.14391384405667,148.16264684074716
A,Q,142.1993809587171,-144.0687906236869
A,G,-175.72052548905762,169.7949211341954
A,W,139.33789889049015,-81.41142265424124
A,V,158.70945831273679,-138.4789895505679
A,P,135.01578763158776,-68.11993471312049
A,S,-33.92857591872833,-61.538418470739195
A,N,8.172300267559054,-81.3527535430337
A,Y,3.0228186911746153,-103.38680736387128
A,I,163.49145058794028,-141.2178293416644
A,T,153.99363643071504,-156.55015929643758
A,P,149.11801837648167,-61.84236235739748
A,V,134.7776539696513,-136.2244879394792
