Chain,AA,PSI,PHI
A,L,132.68767891522361,-96.1586397228804
A,F,165.5585935622802,-129.0138752582651
A,V,149.3776747243479,-124.46894001014762
A,A,130.2563114941982,-80.13072695623714
A,L,-28.47062347199474,-80.22049694393
A,Y,158.3030090462291,-149.64226991726065
A,D,144.07213577142738,-60.21449802976625
A,F,125.65891537550176,-138.7073081417702
A,V,126.85032508546111,-95.91916856832688
A,A,139.92901449446214,-60.70539889865186
A,S,-70.75063791323386,-133.75940092321636
A,G,-163.08296457536235,-93.80579740396858
A,D,116.20994109165476,-54.1931540564358
A,N,24.16982312980478,66.47865408835307
A,T,160.32852927357212,-85.62169355701384
A,L,129.60462747136438,-123.74501222983305
A,S,136.60296878301153,-71.09699376858225
A,I,158.83975696024063,-134.73434537830497
A,T,142.2668959509264,-117.5870699272325
A,K,127.42315508419883,-44.39758791445404
A,G,-10.395133932552081,89.78368918378709
A,E,145.90476495286052,-70.76159511992813
A,K,145.41403788855646,-92.72748717917688
A,L,160.43711640619466,-144.42496559702641
A,R,139.82917645756854,-108.7566546028536
A,V,125.86659393883885,-101.28421171129003
A,L,-27.960129988898736,-93.88836177621117
A,G,-168.24490035137336,169.50708808276985
A,Y,159.99110949645447,-135.82780355292377
A,N,-168.95724978617065,-83.85334725044787
A,H,-33.77224033651476,-64.7008310437874
A,N,-3.4826137479636476,-104.6716872037469
A,G,2.9437417582302845,86.70748332219365
A,E,-14.282969471881016,-86.06459906906656
A,W,142.95624265903183,-121.38957713528623
A,C,134.28125077530703,-118.83515596651084
A,E,118.80674931083036,-92.52677943021575
A,A,155.91990423852164,-125.7027714145991
A,Q,135.86368313803987,-118.07130043851777
A,T,-179.23493080501567,-134.20755456834132
A,K,-22.638899699453688,-64.11611078714682
A,N,-7.627092038886382,-86.4195722557076
A,G,-151.65965568986664,142.92030061152016
A,Q,139.94031929422133,-143.07159644926054
A,G,-179.0381102700984,170.6656286523968
A,W,138.01231198563625,-82.18201133818893
A,V,156.3626455768996,-135.38393805081597
A,P,135.38300751157743,-64.5126351800163
A,S,-27.823599773799735,-67.22641214179752
A,N,10.150468367697238,-86.03803716079992
A,Y,2.5636761805247117,-101.44398832128778
A,I,166.68899618871302,-137.00248338286855
A,T,150.58519809107898,-159.00462611262014
A,P,145.59418804239198,-61.872936798437514
A,V,142.4509661921364,-132.42496413963883
