Chain,AA,PSI,PHI
A,L,135.85206198333395,-90.42619585913982
A,F,167.30502557391011,-137.2845342754509
A,V,147.37954017816736,-129.91193615625335
A,A,132.68616127631432,-78.046139062646
A,L,-28.786244923630946,-78.9777990353736
A,Y,155.45065913112757,-150.9773698976037
A,D,146.65873071904832,-58.46669048945333
A,F,125.93933964151853,-140.54178661735028
A,V,126.13988578102466,-93.747818170989
A,A,136.33637603976368,-53.01254322415212
A,S,-72.61419317050104,-127.03900929223411
A,G,174.67044312573896,-99.72670563856808
A,D,130.94983877220116,-47.12406135809684
A,N,18.28525848537397,71.66852193840106
A,T,166.6806501153873,-87.94204420851473
A,L,129.4043479933205,-134.24715688925684
A,S,136.30063579632218,-71.49261925165764
A,I,159.23888508212613,-134.06332534991856
A,T,139.32327562350622,-120.49405346259316
A,K,130.08220028000673,-49.0589024063913
A,G,-9.651672277428721,89.50461932056942
A,E,143.38906652813287,-77.63513634604202
A,K,153.74009715745115,-88.15752885264045
A,L,164.8589943409415,-149.88008819313157
A,R,144.96842350951508,-117.01225967654393
A,V,129.18532263193723,-106.7960994509
A,L,-28.13180937401396,-94.29576804808805
A,G,-169.08667891418415,166.6734476176948
A,Y,162.05379069882108,-136.3275684176255
A,N,-172.2074952410765,-82.77809259663496
A,H,-37.42684341046067,-63.23223823636228
A,N,-0.9376983651506331,-99.5170835263698
A,G,1.835294486381739,82.08323210251757
A,E,-13.837435369897207,-83.26136620570449
A,W,142.20820766594218,-122.68823348239219
A,C,130.7612652205939,-121.88057853408922
A,E,117.28317733561279,-87.72546762696524
A,A,155.37969486298863,-123.2769071692791
A,Q,135.12408997369045,-118.17892873536319
A,T,-176.9522141550684,-133.15505708543435
A,K,-15.33677673939631,-66.15336769758873
A,N,-14.62169882795598,-94.1998538994462
A,G,-157.3073052791043,151.0737152402033
A,Q,135.21934514332347,-137.48189917771526
A,G,-178.97602177529495,176.32296734551844
A,W,139.9253720452819,-85.21116283831188
A,V,155.45901020147164,-136.86235059185393
A,P,133.05626773778806,-63.83777784213222
A,S,-30.07920097374944,-61.65177986900855
A,N,10.235633602048157,-84.83991506133326
A,Y,0.5849529164090712,-100.70252239805752
A,I,164.93746166526398,-131.5034864444539
A,T,152.97505515976752,-154.96327040158098
A,P,148.32568843305154,-66.2140750211035
A,V,137.1981823183125,-136.21029188278837
A,N,-37.55032991944984,-65.36393985423405
