Chain,AA,PSI,PHI
A,E,122.29807454726416,-67.62357457110936
A,N,173.38803752346382,-114.24387511343005
A,D,135.94070144686805,-55.60092648600015
A,P,-17.231575244195493,-63.06431685789114
A,N,14.5877822870629,-102.88097523121412
A,L,121.80152643284045,-84.75908007326572
A,F,164.23070772483865,-118.92915959804081
A,V,144.43612991686592,-124.70499064473
A,A,133.9729392835959,-75.5243102478714
A,L,-26.208845426477385,-88.06635359197104
A,Y,155.80815923748042,-143.69358971779988
A,D,141.531263665566,-60.85497872325975
A,F,125.41835685949128,-136.5064470434225
A,V,124.5620166393864,-108.90346978548709
A,A,171.04079863679084,-34.563978149701086
A,T,149.36223249040538,85.99135239792065
A,L,135.6002688462159,-111.91288451707449
A,S,133.95624671593046,-88.95668997817032
A,I,158.37115521660724,-132.91609197335444
A,T,142.12384639924218,-115.82139826195957
A,K,128.28893596796723,-48.596846454980124
A,G,-10.98687700622293,94.65401898921029
A,E,139.59430602604013,-69.9718453035719
A,K,138.45728175467886,-84.2573870107816
A,L,154.06788161765078,-135.02818389945318
A,R,118.12925698008567,-104.8322813673357
A,V,124.11709792177396,-88.26724058216504
A,L,-26.42629492818533,-102.87164912536893
A,G,159.4792067439123,-158.95740706235225
A,Y,154.62345376200847,-121.12782483355966
A,N,176.73833183395556,-73.34250715219301
A,H,-47.44497614103639,-46.01023437821525
A,N,7.864117192275823,-103.78736007102452
A,G,9.987488908665094,72.1696883195583
A,E,-17.88703709272753,-79.29646828301185
A,W,136.93318461824143,-120.67737315332718
A,C,131.4204144542279,-119.06569121925773
A,E,109.63421513103542,-81.25197314679876
A,A,153.18718532432723,-122.92632164391588
A,Q,130.08828338528127,-118.19288306528033
A,T,-176.03602920779045,-124.77807221832529
A,K,-10.835372342444204,-61.7274976521238
A,N,-5.270222011390427,-111.50305626489457
A,G,-161.31757445426163,141.39456508127853
A,Q,154.87348539066534,-122.50405329182499
A,G,-177.5290558421456,167.5095554641492
A,W,137.68377948054197,-81.51438098761483
A,V,149.9008197563595,-133.608304126946
A,P,137.00770006363038,-77.67529513759789
A,S,-33.41235957128623,-55.803603672219225
A,A,-18.928606658417465,-59.370146227469164
A,Y,-3.163826832819932,-100.46662407142273
A,I,168.17810571575265,-136.56469792520284
A,T,147.48994637207292,-150.72775540757803
A,P,146.9587319067463,-64.47906448504324
A,V,-43.7207732352499,-72.5606299848116
A,N,141.68353112648884,-62.341968487323165
