Chain,AA,PSI,PHI
A,T,136.33121501581155,-98.85393988329591
A,F,166.2740112896415,-129.15141551208507
A,V,147.85382098550488,-127.51747125446805
A,A,131.39256252455638,-92.06667574016771
A,L,-26.427189993605502,-90.71460034593112
A,Y,156.1757217629875,-135.57822086100612
A,D,147.20346376902182,-65.3094747214748
A,Y,127.79134249268556,-138.43362977904744
A,E,127.17063589176733,-101.13664182399366
A,S,148.1433438146647,-57.5982545207456
A,R,-15.872911389616528,-123.95679446544749
A,T,-169.24035620550896,-134.67235383933044
A,E,-2.768511840718128,-91.41767091806548
A,T,-15.402833861814063,-110.79948658907989
A,D,160.0571191624293,-86.55481769419583
A,L,120.70258055379675,-104.31774167847026
A,S,144.61034368335055,-76.67862292458977
A,F,164.99009284923193,-158.20117625035874
A,K,153.52772479888122,-113.58565622378757
A,K,127.94634678740547,-56.29334808067608
A,G,-28.004805046057598,114.7081330741484
A,E,140.60976587861524,-62.85803275538455
A,R,135.33943561381602,-92.92724556927001
A,L,143.67220703800294,-132.06694582246368
A,Q,128.5972093977967,-120.88579603016674
A,I,129.62616988428448,-78.42626796921822
A,V,141.28339734694742,-96.83801743806322
A,N,131.51733931327303,-86.61323443634645
A,N,150.1789788413758,-136.35046688399862
A,T,-24.093225341435293,-63.742815589294636
A,E,-39.307016062619084,-64.54225788966895
A,G,-179.06581444142415,87.32673486454712
A,D,151.24720171173578,-61.87882247024627
A,W,138.46296312730908,-103.15621523294945
A,W,146.9444884541307,-120.73603451533084
A,L,127.65783008215713,-81.54022148899982
A,A,153.34028395222623,-139.43513900571614
A,H,126.40422808067235,-119.97564739387255
A,S,116.56165692836082,-85.74469358403663
A,L,-16.446895190612086,-68.03221005660352
A,T,-39.26028948645478,-85.72406367619693
A,T,-18.973745356971115,-116.2010083982692
A,G,-3.807099666958225,83.62530344396743
A,Q,162.43064736021657,-77.10293808223375
A,T,142.06161657029563,-145.24341534662835
A,G,178.96874747458807,164.80574200344242
A,Y,144.70589017117575,-77.79020595494028
A,I,152.9197444566372,-131.23269370250378
A,P,121.07264304302343,-82.22362463960485
A,S,-29.18450525398868,-62.048843075366946
A,N,-1.0514799759782572,-74.7141961215739
A,Y,-3.9621989455653077,-93.57924612554113
A,V,163.62793630874734,-135.43635128632098
A,A,156.3342617314312,-140.2210869113531
A,P,158.7282435636899,-59.34556444288639
