Chain,AA,PSI,PHI
A,M,137.96491603666718,-61.27332182147688
A,T,149.6990181246871,-116.06070825651007
A,F,154.2396743573676,-127.42205030616526
A,V,137.8581891747714,-115.16899286109093
A,A,130.5999280113888,-73.64686206763224
A,L,-17.924258999654832,-94.1741976367813
A,Y,157.6698065420651,-145.42594180849042
A,D,146.5327731979779,-73.87711966409681
A,Y,126.77689180824052,-139.91150102879334
A,V,127.77888510909784,-104.70323130255534
A,A,144.76234674464442,-66.06762519886685
A,S,-24.492623023232646,-87.05612869215938
A,G,2.962087845210614,94.0221132131861
A,E,142.75286179890094,-61.692773551515096
A,T,178.2050311688824,-107.0219580117807
A,D,160.07266572085774,-67.59168657927492
A,L,126.6218398076818,-112.0174204043687
A,S,138.11835459131936,-77.27150180376555
A,F,147.42298336751043,-153.4180331245453
A,K,144.26824070575591,-91.57251757076307
A,K,132.16955715055576,-46.06307186497531
A,G,-17.577880578773904,99.54310845009408
A,E,151.14213177412913,-62.37726861336291
A,R,135.57483300636196,-106.97315316067989
A,L,156.04527926901042,-136.52634932692342
A,Q,144.79331148363661,-127.32743474019884
A,I,137.37604399732356,-77.56064305412202
A,V,125.23134693397067,-100.25660906768346
A,G,40.79740841335674,66.83602900959363
A,Y,-37.53658707500474,-49.813361741113155
A,N,-16.588019828845173,-62.076361177152194
A,H,-8.370932399659736,-83.0152464924434
A,G,-176.47405589038675,86.75955193756455
A,D,173.60646539889277,-84.89033050195582
A,W,158.31903313699723,-131.30578096429903
A,W,149.35108928633525,-133.472769437991
A,L,128.9574827172631,-77.36111993429614
A,A,160.35506556418747,-135.96832621836487
A,H,125.10859615969491,-122.650398294547
A,S,120.06058610395174,-82.27614257466685
A,L,-26.205659521549958,-67.479746739734
A,T,-45.2409381911904,-75.93068430624807
A,T,-19.660331939514812,-105.18869223247628
A,G,-5.015321920060016,83.89069041302342
A,R,160.282393824813,-81.7047881730712
A,T,144.90140989102858,-131.27755245786108
A,G,176.92142968369592,169.81054507679727
A,Y,139.70714471508538,-75.19162639911653
A,I,153.31055735451028,-132.562758530278
A,P,132.60449509548425,-81.17995771597052
A,S,-41.055543502205396,-56.280671220764226
A,N,7.372497352746855,-79.12044767236867
A,Y,-3.607676118596584,-92.80270018490596
A,V,154.15904224305228,-131.88390574838965
A,A,155.6769735181434,-133.7217799936738
A,P,141.65171824541065,-60.46732867257963
A,S,161.03325692568473,-139.90038170173875
