Chain,AA,PSI,PHI
A,V,86.36607967596358,-142.021433703672
A,P,130.06688684152158,-75.06546346089684
A,P,-45.074620811418114,-74.10590016759093
A,E,-105.35678342407998,64.51147560784801
A,R,114.25016940232763,-76.73646208583402
A,W,-7.21950583596264,-102.96133936340291
A,D,-47.11796299902831,-81.86915615559738
A,E,-36.526887675982934,-55.471303270910994
A,A,-43.93995924397989,-75.6557657926567
A,M,-38.675588513496436,-69.37371136524483
A,Q,-34.28417258693281,-64.66609850385332
A,E,-51.72181126042531,-71.23086026918148
A,L,-37.35185172553058,-54.413900419410815
A,D,-46.416387802642504,-64.80456505304332
A,E,-47.51841030298628,-56.55666936561573
A,I,-40.99156196624269,-63.60803573449435
A,I,-45.20100193573537,-71.42438394606035
A,R,-54.55996386328247,-51.834977948861486
A,T,-40.29913347222201,-52.88141818941763
A,W,-40.80202689672943,-73.97979347381388
A,A,-33.52154367088258,-59.72192853129474
A,D,-52.57587030163386,-70.37421497118186
A,K,-61.8603856535246,-46.5934116471151
A,Y,-15.544184172163185,-79.38749174098426
A,H,121.2345442147686,-69.8836856999982
A,Q,127.02369634202273,-138.5646842100001
A,V,156.67978112440557,-61.41993273548658
A,G,-10.732739897583688,78.04970020773136
A,G,-178.73796916187905,-72.9397195947492
A,I,113.13600733471388,-68.69990292567279
A,P,134.85515081846148,-57.4834529093323
A,M,143.1711369726514,-148.10956961660168
A,I,129.04809495929905,-142.6721957613696
A,L,121.0970321503386,-115.18307284983352
A,Q,160.26944921851285,-140.8384380642941
A,M,156.9962890936344,-115.80809870892315
A,V,151.6726582744424,-138.8099333914032
A,F,9.27332341401387,-81.38624588078078
