Chain,AA,PSI,PHI
A,F,148.39759191869257,-72.13801909003898
A,L,156.35357820695816,-68.2691269640587
A,P,161.32729204487555,-60.13539484046364
A,K,131.7184867514045,-58.098407770641515
A,G,-4.429345789380831,95.00903320851737
A,W,153.14308386544047,-110.68321173027212
A,E,167.21159303189827,-143.294309921707
A,V,142.21326885761573,-125.60101547546213
A,R,177.31654524001573,-141.97884911603472
A,H,133.94346099099667,-110.81286978054737
A,A,167.3725195846191,-79.61455118441238
A,P,-37.72405603466361,-51.249078116301824
A,N,0.8318796320718309,-77.0049219217233
A,G,-7.481905975268783,94.60871511658175
A,R,137.93019472153256,-80.1113599998925
A,P,139.91215643013103,-68.67990104617394
A,F,154.65902298495294,-126.46776187132527
A,F,140.7434776635197,-109.48416594681056
A,I,123.75751680071534,-117.95060829485266
A,D,96.87909726488158,-103.46156810489342
A,H,-16.491518539086165,-75.47782117308772
A,N,-34.256434738817525,-65.03819652802233
A,T,-1.2339269610578165,-122.40639870063792
A,K,53.42007596583331,59.79953790864997
A,T,169.25403048407372,-138.65220589443373
A,T,168.94409520366435,-134.32752496972526
A,T,151.41141828633215,-161.6428504680253
A,W,-20.55384230190739,-76.06807388522843
A,E,136.69231771504116,-89.69024327480791
A,D,125.92903894100449,-68.93249003572684
A,P,-3.149768337075784,-83.55144605912388
B,A,157.53898289845313,-67.51352569324588
B,P,161.1230217089308,-72.10890390593677
B,P,142.9641489362693,-57.539620424347156
B,S,168.1455043856376,-82.29155991290337
B,Y,-32.20895139326199,-60.615991511013966
B,A,-15.032709198933345,-62.49528095201636
B,E,1.7379818857349294,-93.8972607529292
