Chain,AA,PSI,PHI
A,S,143.2117431477675,-145.24841246797823
A,V,135.4065397929808,-132.07017416846537
A,I,122.89074060938549,-117.73184115110371
A,S,119.85765909087495,-129.277263318203
A,L,123.8437995053072,-111.52681599396207
