Chain,AA,PSI,PHI
A,V,125.76215766964444,-118.68016360248764
A,T,127.0903517535176,-133.20921459101643
A,G,147.67875605820947,-149.39358635533767
A,I,123.58396470463381,-120.3560174932529
A,A,121.9332669559314,-118.12964866276866
