Chain,AA,PSI,PHI
A,V,127.96968958660534,-134.55955652278197
A,I,125.50838487113579,-123.35918243021483
A,G,133.15513816188232,-135.89448670405258
A,I,118.82210473777722,-134.03052596535213
A,A,121.740948913566,-112.01349397837485
