Chain,AA,PSI,PHI
A,R,-160.73921578681,-151.20071346820276
A,S,165.59543958364108,-143.30761264408758
A,R,159.50702824583658,-147.50103449222047
A,R,150.19996504114778,-57.52186068404287
A,C,-15.238487848194817,-93.79410924221773
A,G,15.648792022582054,64.6651985727533
A,Q,0.5167817161153707,-135.69164685886992
A,C,162.78100006134466,-105.61703136191356
A,P,-59.40818503503079,-38.98965721042999
A,G,-33.70195750507174,-55.04938897147214
A,C,-28.652379658489604,-79.01489297324116
A,Q,-45.445838098345575,-66.22347849517092
A,V,125.91257061656975,-51.98843702356271
A,P,-13.80385889531939,-100.3983653886937
A,E,144.82886017037552,-138.193984350049
A,D,143.02940360812005,-63.54195094602436
A,C,-27.569297793895302,-81.0722029327821
A,G,-25.568423846907102,82.52594102782328
A,V,-22.13160434453096,-96.24540911750577
A,C,167.8706251153742,-77.89628504056249
A,T,-49.36767868634328,-51.37891278658078
A,N,-39.12674510382305,-69.40443139216983
A,C,-35.26719906220954,-65.44293382431206
A,L,-21.625695051605092,-71.62676023721474
A,D,-20.937970874828068,-72.29444212258257
A,K,125.83082620343207,-68.00171196864227
A,P,-27.390007652661186,-55.855813470609924
A,K,-48.31024513502971,-51.05135194425909
A,F,19.62819613102319,-96.34779008621159
A,G,21.503656358252137,85.51418903939981
A,G,173.21661224476753,-89.88460514678552
A,R,8.192827659375393,-99.62659590150967
A,N,67.46318720168529,52.653026563625104
A,I,-32.95830910682261,-106.73752864808989
A,K,-31.799413143316738,-77.56648385382925
A,K,50.07943898731583,40.517776370526065
A,Q,159.94890368444982,-127.1674196268905
A,C,158.19485863982322,-71.61386643359862
A,C,135.71509422095514,-50.20300696926513
A,K,-25.734294304517935,-55.59958857551012
A,M,-6.1117824343458516,-86.54296997712476
A,R,-0.7212319133661401,-111.18061650833991
A,K,130.41322456273087,-57.858595644190466
A,C,132.9502477891749,-77.65584374942658
A,Q,-30.140013888435277,-83.90648916358461
A,N,60.63633575157271,-131.41953703093267
A,L,139.89418144779876,-51.615190940908114
A,Q,146.71242137309838,-102.65300523954807
A,W,138.75019107076983,-84.82026539041755
