Chain,AA,PSI,PHI
A,T,137.94630852026407,-99.90237250818595
A,F,160.49593910923488,-122.61349101664808
A,V,135.11458945387125,-118.61333592916068
A,A,128.14122193851557,-68.10680221732599
A,L,-22.32553586584003,-89.99564226127978
A,Y,158.48231447671532,-141.1098541670509
A,D,144.23073070363122,-65.99135193790215
A,Y,124.70546432956313,-139.21545232796208
A,E,129.2254072356978,-96.38430882703709
A,S,139.1133141722184,-55.772680695496746
A,R,-15.853033787739006,-110.77360523611262
A,T,-179.53447338652126,-138.76260185883547
A,E,-9.486534529053193,-76.43319336806792
A,T,-15.909291057655652,-111.14111999754711
A,D,157.63574041689836,-87.8346483488572
A,L,126.17778508008348,-97.83407778697597
A,S,141.01162650883504,-80.42116358567029
A,F,160.47241405860373,-154.13198691051085
A,K,150.52212355354607,-105.70995975801796
A,K,132.78880442432666,-47.5532127628572
A,G,-14.708899132853341,100.77908348342116
A,E,148.8411626314869,-66.81938154308143
A,R,127.78428010963903,-96.66300688930728
A,L,143.31843056735008,-125.13842368162445
A,Q,130.83001711683258,-118.30493289911702
A,I,133.93227670151606,-74.26827697837375
A,V,122.1804932146608,-92.36136581166733
A,N,137.06905087222142,-61.009644950321814
A,N,131.8483155393078,-146.81462695526068
A,T,-20.43763583946033,-69.15813299620149
A,E,-29.990115011241443,-75.19835087523575
A,G,179.51926380888577,86.75549734690787
A,D,149.53681719186116,-57.886330525037806
A,W,140.14039448565728,-100.52322026981125
A,W,146.17780461141527,-122.37915452382192
A,L,125.06402642441837,-80.83820646096028
A,A,151.2329427047259,-134.6453541351725
A,H,126.79438309587462,-114.21095457079625
A,S,119.48817710928569,-82.79660175134643
A,L,-24.940761135226694,-68.92605440752047
A,T,-42.330154662583126,-76.01562712558487
A,T,-17.756171757951428,-113.03317805846078
A,G,-2.108246393960224,83.41557476285912
A,R,160.52111756098745,-81.03925365711895
A,T,138.69759676939876,-142.9588666937929
A,G,-178.95529768454125,172.68240799830403
A,Y,141.5943193473976,-76.98429267599887
A,I,153.7447750848466,-128.25053641227387
A,P,120.27331465976543,-85.04745128965752
A,S,-23.80030591067058,-65.1032725535665
A,N,-5.4462763758913155,-72.29323054508312
A,Y,-1.7734992836874668,-92.63766624856073
A,V,168.45830850599538,-132.19136399306234
A,A,147.6142961618704,-145.11036208217533
A,P,158.16999077535507,-57.68297279401492
