Chain,AA,PSI,PHI
A,T,131.81198944220716,-106.63687641722103
A,F,164.6800542009289,-124.22410357777261
A,V,139.7758947400445,-123.82282148614146
A,A,129.86761461246698,-74.45068781072055
A,L,-25.362539747785615,-86.16738320738037
A,Y,157.12258349974192,-140.21118685373142
A,D,149.15368529432453,-62.36925861104399
A,Y,127.51930305188365,-141.19435157189164
A,E,128.2945126033294,-101.84483715439066
A,S,146.33442582349556,-65.20307171674769
A,R,-14.364855595725668,-115.73438512562608
A,T,-177.14909512179725,-133.57799950512225
A,E,-9.407512489890177,-74.84084594126534
A,T,-10.928412869311623,-113.86673252121307
A,D,164.44525670767604,-86.00408003059329
A,L,122.35869207479055,-105.63577998740986
A,S,144.1688203298729,-78.30401647396074
A,F,160.94778903650314,-155.85281836241109
A,K,152.65822138572548,-104.55405406159265
A,K,130.20675639930764,-47.281822448551054
A,G,-18.889579592684033,104.51770184010373
A,E,147.3613130535812,-64.03461849288992
A,R,126.97698110666843,-96.28242371665978
A,L,140.4509151092405,-125.84114485004713
A,Q,125.72134917304261,-115.9084997331308
A,I,137.18006551260262,-68.22441169406221
A,V,132.6504407752286,-112.32536163786334
A,N,134.41501779419045,-83.08920982741408
A,S,163.3717964506487,-135.58411898631593
A,T,-25.621579491548903,-72.53213376368696
A,E,-29.99045376613796,-66.85952224858879
A,G,-175.89717378573005,85.58983837205709
A,D,157.35014139148615,-64.41584657379596
A,W,141.1427434013465,-110.66195254450186
A,W,144.7957374867057,-121.32131888275273
A,L,124.82157395589691,-80.24445119408854
A,A,152.5742478298531,-136.314657810202
A,H,127.42340438427152,-117.35743658115199
A,S,117.14355680004395,-86.1631327639175
A,L,-23.407959265832606,-66.33690822785941
A,T,-43.25007280344867,-79.49711178713909
A,T,-16.342025244988022,-112.63977186776194
A,G,-4.496545544980146,84.25529215774598
A,R,163.22077902841147,-80.25801526951315
A,T,140.48381675232346,-142.58583753170544
A,G,-177.15966071368817,168.46148090941432
A,Y,140.22578105985087,-81.09563795881381
A,I,155.36526523993479,-125.71540556871126
A,P,120.92180356107238,-86.42711810579786
A,S,-23.97686322258755,-66.6428622762763
A,N,-1.198466824597917,-72.75812986167233
A,Y,-1.273173040381059,-94.10773339204293
A,V,163.45770669152654,-134.58201983814234
A,A,151.54223308519093,-141.0445349157223
A,P,144.22185836272052,-53.24553517455044
