Chain,AA,PSI,PHI
A,T,140.10017812141092,-110.85351671581476
A,F,160.40271518434787,-129.65032772643733
A,V,135.87645542076072,-120.14381313197347
A,A,129.46671727222707,-71.21084338108477
A,L,-20.785977195732748,-90.25520102524399
A,Y,158.9924444047785,-142.82817952789554
A,D,144.86680118460689,-68.90555686370719
A,Y,127.36348332988392,-139.17137946304962
A,E,131.1649335024171,-100.03265220798451
A,S,139.38241033746388,-58.31025283247416
A,R,-15.897164596706801,-113.04537965120434
A,T,-179.13114419583152,-134.51293020334367
A,E,-10.347301145902314,-75.51174875518402
A,T,-12.532936618704833,-112.25019553441155
A,D,159.03677888146714,-85.6103696835157
A,L,125.97738760407921,-99.90507626534307
A,S,139.33191532622695,-82.04263672555489
A,F,158.00884334281196,-151.68616121911919
A,K,152.0436686153384,-104.32310588241342
A,K,132.76776533584223,-49.78542535256528
A,G,-15.639505691684768,100.89306180265721
A,E,145.38566887071678,-64.551529560476
A,R,126.76311092658007,-97.26093978448661
A,L,142.49731172229826,-124.1551673542022
A,Q,138.79758752292116,-119.74028256565715
A,I,134.74956590319337,-74.63737591563648
A,V,128.65164944544247,-96.11805236928107
A,N,142.06290806057524,-76.7551457203436
A,N,162.55782269386356,-158.29883552795337
A,T,-15.195715766289375,-77.49203139329543
A,E,-31.417664250045387,-78.39784143026449
A,G,-176.52649219323467,87.61045384400562
A,D,154.56540701882872,-66.11889292847506
A,W,135.99699326942002,-104.93786321318134
A,W,143.62630722876574,-121.30546413675053
A,L,127.0051183293303,-77.36296727025056
A,A,151.91275218611474,-137.61801604172297
A,H,126.24203181148432,-115.67587513607441
A,S,118.46554467972588,-81.76881971332425
A,L,-27.346523193972697,-68.84157109107646
A,T,-43.88886735502842,-73.00552630476986
A,T,-15.852462710167154,-112.21173308357831
A,G,-2.0114654833502756,82.49309090869848
A,E,158.99809177202192,-82.45854631170964
A,T,137.24617979246437,-140.9653579110828
A,G,-178.6101097047822,173.95908005148854
A,Y,141.62860252736763,-79.46798016762403
A,I,151.4542130987553,-127.1921780172437
A,P,122.48315981544476,-82.30998327446152
A,S,-27.34319260869161,-63.622191181996094
A,N,-7.742861369953669,-71.59628759296798
A,Y,-2.8877679642220118,-90.36630383148164
A,V,163.83874252656202,-130.50786843751357
A,A,151.6814680802859,-140.60457705929096
A,P,145.51076175496007,-57.36058164636805
