Chain,AA,PSI,PHI
A,T,145.04613078832395,-120.12989356115459
A,F,174.6928040362619,-126.27894111848853
A,V,138.3641056861324,-142.00871191653167
A,A,122.50879799078051,-69.42823834102226
A,L,-34.36285759422622,-80.51550996378457
A,Y,159.95162298476626,-133.60162936883557
A,D,146.15389638603878,-61.53652720181455
A,Y,126.28522976878772,-137.38651321071706
A,E,135.51204936134872,-97.60603478514463
A,S,143.96254667472112,-66.92283072065187
A,R,-12.646009214824772,-111.51838110716015
A,T,-173.48468718678765,-135.95637611293643
A,E,-8.532282535161086,-85.6464479722959
A,T,-10.29312119501177,-111.8065147815459
A,D,167.7129349683267,-91.21876493243144
A,L,125.44043548236509,-108.88441031971188
A,S,140.86945243574303,-84.23660701083391
A,F,169.96012457036537,-150.3962192874624
A,K,157.9904850100071,-120.60523098743752
A,K,135.88626671895932,-56.244635147717126
A,G,-17.408549838898338,99.40494417807648
A,E,152.69971306177325,-57.95991014271849
A,R,134.9216734563405,-111.21178116828173
A,L,146.7862466055365,-131.85224959607083
A,Q,134.90955115606945,-123.09284224949052
A,I,131.51128455181762,-75.7297151520085
A,V,136.72215055539502,-96.85813901512681
A,N,125.94737628505817,-87.75388316091572
A,N,163.04142302837792,-126.82301138022088
A,T,-16.79241173525781,-71.69597179510133
A,E,-28.768345478381395,-76.95053407624067
A,G,-170.40907373051326,80.72389617020794
A,D,153.9624048913799,-60.81985283053955
A,W,137.998770647374,-108.7070122400568
A,W,146.9805864444771,-121.4380723768663
A,L,121.67316756376484,-77.40174402442247
A,A,157.75190258744084,-128.5726466713443
A,H,125.26248071572567,-120.80112000420364
A,S,117.74634605831413,-86.42107504676127
A,L,-19.85246697642457,-75.57313082374448
A,T,-38.19366964303129,-79.26703222425898
A,T,-17.382846884532,-111.9694818389496
A,G,-7.588539186252235,79.5358389788758
A,K,160.77188225215082,-75.49556759254129
A,T,140.97515748716773,-142.46513971301306
A,G,-179.0010564476025,166.88243614194528
A,Y,147.4017095547928,-82.80712716296243
A,I,153.8868558998038,-136.08888759819692
A,P,121.51756217384505,-90.38871440253199
A,S,-51.5315590048491,-43.035885260594384
A,N,-13.891986145323303,-62.12490994892762
A,Y,-4.531339459685715,-82.71499014238096
A,V,157.86130261725813,-138.071085384974
A,A,153.29691247598538,-135.11658225272282
