Chain,AA,PSI,PHI
A,T,132.8914768866544,-107.50938738350871
A,F,167.6358411302309,-117.93858059353188
A,V,136.69765574560446,-126.3841706143861
A,A,127.73219297345457,-76.42468321759608
A,L,-24.039885076259566,-87.84896895721677
A,Y,155.43722250971132,-143.32036117014613
A,D,138.30899495272428,-58.48354738308952
A,Y,127.25212502075829,-132.69491463846148
A,E,130.87114413921574,-99.6086692725712
A,A,134.42654103606066,-64.47994336626458
A,R,-12.170701216242291,-98.75204626086847
A,T,-176.8141379125438,-142.38268188113298
A,E,-10.306110572703405,-73.02024534408166
A,T,-12.597362630740497,-112.99789394234651
A,D,160.8518085657721,-84.40339381146433
A,L,125.95279362653841,-97.7325950761484
A,S,140.4151756913158,-83.92631946322372
A,F,152.23620537744938,-152.51824803903168
A,K,152.51810468708595,-98.56363176570653
A,K,133.9026628850391,-50.46026146456395
A,G,-18.054151983656606,104.96197635474873
A,E,147.53813951288987,-69.39664130746714
A,R,124.86368811696991,-96.88982620228654
A,L,145.7608521489284,-121.8521091284233
A,Q,130.43091320910446,-121.86086465321745
A,I,133.21784634314324,-76.87021297013074
A,V,103.18836939644913,-89.48745923347937
A,N,137.9600858356903,-65.90335172733438
A,N,-176.27412248565287,-156.84654435261507
A,T,-31.46268699457296,-71.42686378220424
A,E,-30.928311503378595,-67.99373215466223
A,G,-173.47330232914896,78.6470137589442
A,D,152.33447914567495,-62.011970969238774
A,W,137.8293049180731,-104.37773432120372
A,W,151.29449037369605,-123.90010355951178
A,L,123.21569073644937,-82.73400020355821
A,A,144.1019371690017,-130.91454689431973
A,H,125.915347443064,-105.29932028770514
A,S,122.2532929832064,-85.58542104635944
A,L,-19.61103918859881,-78.96827145026238
A,T,-40.61483453165055,-79.46745660632091
A,T,-16.04357549743614,-113.13698550760365
A,G,-8.540893119639792,81.95357373533098
A,R,165.2718193306436,-79.47309017187047
A,T,139.1010632184432,-145.82790573987222
A,G,-175.39766753891297,170.9374445850683
A,Y,144.09024571275538,-78.39629540480301
A,I,154.1633824610728,-132.10741276532534
A,P,120.80273419479568,-85.57456927860923
A,S,-31.325659157960292,-63.103518544763645
A,N,-1.212419055329367,-69.16853184844227
A,Y,-3.3034517897525713,-92.07881065887904
A,V,164.20565783347135,-133.26818313700417
A,A,150.66785626160862,-141.91746705149987
A,P,147.95170124477926,-53.99053348367932
