Chain,AA,PSI,PHI
A,H,55.85457904001658,-105.30993846615245
A,G,16.961649960936118,77.40469145251075
A,K,159.21502248778037,-126.06565743340451
A,K,128.84967431389384,-72.54006410435467
A,M,135.520218769577,-86.01647395146973
A,R,127.36522049920006,-109.10051477316138
A,M,124.37411957300553,-75.50870783840345
A,A,142.21707878304892,-58.023890301567235
A,R,147.34350949776842,-65.02896281355387
A,C,-18.470323526238815,-67.13317954863999
A,G,-6.892303292411161,74.23130236357969
A,H,-2.7564653515866944,-129.460080686601
A,C,175.40491598855743,-85.04537479823162
A,R,-46.39703512246518,-64.31369523943061
A,G,-49.32225517342883,-44.610943423530216
A,C,-36.023431029027286,-66.78088605099151
A,L,-25.41096681174989,-70.2285393367174
A,R,124.63745761132623,-69.46047902201829
A,V,-3.846680992228754,-97.38138106984417
A,Q,140.44145739934362,-126.61746321285756
A,D,146.23859931248893,-76.5068719437114
A,C,-32.373705956291246,-72.52603053299747
A,G,6.104324723121473,78.83187103384047
A,S,-17.39294642808156,-129.8028047701506
A,C,173.74409225725825,-83.29500091215164
A,V,-34.18920518954516,-63.1810912623678
A,N,-27.690802004061226,-79.66463328485096
A,C,-46.47527134731743,-81.18242700698872
A,L,-37.95652216765073,-50.42023044232055
A,D,-20.70751860438502,-65.19499051667542
A,K,142.27050783802616,-73.04406328072635
A,P,-40.59330265705348,-52.47435621599959
A,K,-22.07033907167197,-71.53987168934644
A,F,14.415354602988627,-95.47211197643185
A,G,21.052840767019035,78.92513236138569
A,G,172.3055848179632,-94.1786951030168
A,P,-11.351866031981524,-75.65534551576056
A,N,45.96011107595486,57.406080066457065
A,T,-26.59799484115931,-108.17372279641138
A,K,-39.83707431958189,-85.24801796786768
A,K,58.38035571570123,53.37367071617076
A,Q,165.6901356909796,-131.38982707962057
A,C,153.52941834359763,-80.27502939473163
A,C,134.29625360876605,-33.03347042651355
A,V,-27.49602079221136,-59.63340121408725
A,Y,-5.442236408198355,-81.7480230420826
A,R,21.678222664953644,-115.20502130961131
A,K,130.49445380264436,-68.88272878739194
A,C,125.58387585430205,-81.95833193025237
A,D,-39.450727949678054,-51.645873878739735
A,K,-35.66448679594723,-70.10426947213308
A,I,-40.44998606010913,-72.31029346439294
A,E,-30.122069998274576,-69.2441038853408
A,A,-42.93013149156582,-70.7986186353541
A,R,-43.242539991349105,-60.7623608965157
A,K,-46.142915772953835,-55.516132655244164
A,M,-54.42544819798806,-66.51469485420276
A,E,-22.905066676926058,-53.72018108652086
A,R,-75.8731176487466,-69.19121990654203
