Chain,AA,PSI,PHI
A,T,139.1754771924914,-86.64096522016841
A,F,162.6719979113545,-133.47319178681983
A,V,138.95163353838367,-121.97109004914283
A,A,124.8285467555472,-73.35850273319019
A,L,-24.421964075242244,-86.31045363596834
A,Y,165.07008756606757,-139.5675724374188
A,D,144.90753003168763,-76.94424876940259
A,Y,125.60217371617414,-140.306993362372
A,E,129.6358196190616,-100.80062424556213
A,S,135.82239104675784,-60.61527335920122
A,R,-4.807623511166638,-104.8413254051028
A,G,-150.28463180800762,-142.53005956392082
A,E,-24.157570393848562,-101.41015729136124
A,T,-12.039513793633278,-111.23079206344434
A,D,149.1970703514762,-86.11991615977672
A,L,122.66650057392457,-96.37378904657494
A,S,137.74401869260427,-77.66579476737667
A,F,153.93536313973718,-154.59670173255614
A,K,160.0744342220861,-98.35568628545313
A,K,127.64788532490402,-58.60258358064436
A,G,-11.570282781637074,104.13161294625144
A,E,146.2345567992971,-64.33216499101903
A,R,115.78275654734378,-91.46485447281589
A,L,140.070680124992,-110.6438779246156
A,Q,123.25780645384715,-118.67267680559513
A,I,127.68288704205399,-68.44679265076104
A,V,130.7204491650452,-90.67160602451557
A,N,117.50182063539314,-67.32491179924976
A,N,136.76961200430665,-123.29375224216511
A,T,-28.60935049817766,-66.3054598506294
A,E,-31.35195255115952,-70.37653516771462
A,G,-172.14713879308886,84.91320027480886
A,D,143.8318331499804,-61.874672967677355
A,W,128.96064785089982,-99.94193188181585
A,W,144.48725093247728,-114.58332427419167
A,L,121.31158869046575,-80.93355192530029
A,A,151.19449929435018,-133.78268304966937
A,H,131.50081791872424,-114.24526685698618
A,S,123.0704706736737,-87.16172375393111
A,L,-17.95512575706669,-77.32966341129531
A,T,-47.31871961428206,-81.08382568535488
A,T,-23.12290373607902,-106.6631211715114
A,G,-1.1564446069386987,87.07646659623884
A,R,164.03737774633626,-78.99852262745216
A,T,136.56495478638834,-146.31993247900596
A,G,-178.6123405420157,173.6265707115388
A,Y,143.35695010696148,-77.16278444522698
A,I,150.23531899196877,-137.1103279459519
A,P,126.16056280995288,-78.90655071616912
A,S,-27.92779612298941,-64.6508561115993
A,N,-6.8931673787319525,-72.5381841457012
A,Y,-8.470092765125015,-90.88748370271135
A,V,171.35877691602366,-128.43935545847617
A,A,155.99122497108155,-150.10265672256685
A,P,153.79722924658415,-61.52487116804827
