Chain,AA,PSI,PHI
C,K,133.18465746334843,-101.50013755685602
C,R,164.08223796334474,-79.12621726251666
C,K,144.5229376239401,-105.7102685204625
C,R,150.1268126516888,-58.13634863758598
C,C,-28.517367837543734,-72.71130622983742
C,G,-12.384557455486227,87.31830205084981
C,T,-7.990583975718506,-128.75646514620942
C,C,165.41883356326815,-71.88778603557411
C,E,-48.64773201966059,-56.41091034241822
C,P,-43.94542519649248,-57.711775859944275
C,C,-32.71942681418421,-59.34903801897628
C,R,-21.491991244393642,-70.78612851980095
C,R,141.64177233272662,-66.04477312125081
C,L,-32.44856023024722,-99.78645409668061
C,E,139.65458064281964,-102.72178395047507
C,N,138.70498890141158,-69.78158537507673
C,C,-32.854584316168044,-66.59577041450675
C,G,-11.200528710706639,88.83528188735855
C,A,-17.26161514148388,-120.33319837697876
C,C,169.99592713083953,-78.98847946890986
C,T,-40.39806225428355,-51.56152772604083
C,S,-48.60796866029073,-63.70721435425715
C,C,-33.65321468810994,-72.22203057972376
C,T,-21.956155217227643,-92.56462874008608
C,N,88.09153880005279,-121.48438009069338
C,R,-19.826037317555624,-67.16470730220695
C,R,-23.373346523479466,-51.916530493147135
C,T,-24.41052511207364,-74.33928157337573
C,H,28.906223085550543,55.514129705407925
C,Q,156.78551440904144,-103.85412224668488
C,I,148.22065227781022,-70.38384472953186
C,C,129.44990616534596,-37.96237088750193
C,K,-30.396899695639476,-55.41684172650003
C,L,-9.96856922166762,-81.75875908051796
C,R,-13.380127871894977,-107.45431591576015
C,K,126.10816704742842,-55.65821918480983
C,C,134.93977163576795,-63.14004661421111
C,E,-31.302219751708623,-63.78339714037872
C,V,-42.915638059830265,-69.32743283556286
C,L,-16.9620218077791,-71.23767322896872
C,K,-22.80846367160293,-72.56327050772948
C,K,124.20128122058308,-87.29835972399134
C,K,144.26064801264627,-55.59656914251341
