Chain,AA,PSI,PHI
A,V,134.11966212195264,-117.79338380704267
A,C,-175.80556100780905,-113.74959879287965
A,A,0.41413935470108926,-85.29862568756346
A,A,152.34643627066777,-67.95255099770887
A,Q,-53.43976860535918,-55.695239280573304
A,N,70.90592504070726,-108.07531618820288
A,C,116.23919284702077,-59.23725542001628
A,Q,22.75939018497991,-80.86992553043585
A,R,68.04015856822076,32.32033259037429
A,P,117.64784962790121,-58.40627068468363
A,C,91.7640971015438,-119.04372704802915
A,K,165.46565086415,-166.40698140715452
A,D,135.91834919435334,-74.21728756491945
A,K,106.76452492646317,70.85011307550398
A,V,135.59346774581388,-121.32461953026237
A,D,124.85996609582959,-98.30301761722774
A,W,159.09851924957363,-113.55433713414827
A,V,146.00365078845962,-146.2576422358199
A,Q,142.6549988517617,-113.24905594382676
A,C,137.15726214801808,-71.34868559475122
A,D,-20.67240107130998,-92.49618567521978
A,G,-5.283579373316178,-65.02290626733192
A,G,-54.24519683519957,137.66214280417694
A,C,-21.65085268852209,-59.18927239162382
A,D,34.09493744773817,54.61466487701326
A,E,159.64670672211793,-102.76012502773656
A,W,145.50554092204047,-98.65081389679284
A,F,145.90027351751303,-132.4165383138604
A,H,130.28112841679325,-67.42136407113298
A,Q,-39.85653011844921,-56.196555362400844
A,V,-43.97670845687849,-59.12273468869927
A,C,-19.315640625751318,-66.6951408154076
A,V,2.8919587540735603,-113.00803515023888
A,G,52.64475317788836,60.616224780901874
A,V,155.16779659693177,-125.36456639203591
A,S,146.89468845967173,-102.96780587511745
A,P,-37.04720342128255,-45.38111515078147
A,E,-46.7281316641423,-66.41539720806895
A,M,-29.861030524567372,-60.95801942769937
A,A,-46.7196264393583,-71.61410181500472
A,E,-23.760528452460843,-86.62687049346559
A,N,-29.681456719931038,-95.24723805184897
A,E,168.9956998924746,-133.05033430931974
A,D,159.69577858187483,-74.7158379285641
A,Y,119.22688925112095,-125.63476814506443
A,I,121.13738590180085,-103.92520649129996
A,C,179.19251691287403,-69.04190531445941
A,I,-39.23837013314213,-69.44143889061179
A,N,-31.426207964986766,-71.52520379189266
A,C,-6.342031910496126,-90.4562107490608
B,R,120.51732497809691,-72.73562992099248
B,T,170.96388300063728,-114.7125415337906
B,X,145.83931334021798,-159.53356021259444
B,Q,123.24899151614703,-124.50639493857177
B,T,127.5410284111317,-107.11988355201565
