Chain,AA,PSI,PHI
A,H,122.28584065909129,-67.36287303781054
A,M,79.61482493602983,-142.8119912290029
A,T,130.76372170785115,-87.83777344639094
A,F,156.7657126776715,-126.48455574235176
A,V,139.47426453512216,-115.98704853578693
A,A,127.86040958516189,-73.31055398114259
A,L,-21.27294644513353,-86.89357465107346
A,Y,158.1113816453853,-146.3092970989942
A,D,149.71564481804148,-64.71133225060456
A,Y,120.11335484552444,-144.09518097595196
A,V,124.89099953285712,-100.24932869851017
A,A,146.5908776968483,-61.624669773602385
A,S,-11.029180869741781,-100.8971133849818
A,G,-152.02160743662617,-141.5260456162028
A,E,-30.887163497994283,-90.44045767339772
A,T,-12.307892196796734,-101.01816625293122
A,D,163.12478614501904,-85.37415212231363
A,L,129.8608571370598,-111.44496812096715
A,S,139.9619969477799,-87.10923703610794
A,F,156.5850387368888,-153.310202903016
A,K,148.9226664600033,-95.45169859109176
A,K,134.2080803791233,-49.128871208872255
A,G,-9.745300457804309,89.03252972623571
A,E,141.734106174704,-68.81477594733762
A,R,134.56170890060275,-98.94552292057719
A,L,139.80485909332404,-130.46462595366424
A,Q,123.07617466634831,-87.03091028458668
A,I,117.12939546723223,-83.92106123086732
A,V,-38.25853257347113,-91.87340120617803
A,N,108.89336548798516,-148.64294045870744
A,N,30.62048499430601,-111.42425321953175
A,T,-38.51351141265396,-64.32651947467929
A,E,150.16048418478454,-89.47264016374199
A,G,-17.636161831675565,-86.69419997477118
A,D,-42.6687169095141,-98.97765779733116
A,W,125.19749017815218,-123.31316910189281
A,W,139.97790406578167,-112.55112775752352
A,L,125.84167197221363,-77.9545631733887
A,A,155.97433578939206,-133.33662583752104
A,H,124.53897471761583,-126.80983279280065
A,S,122.6960694583816,-77.04881247183448
A,L,-15.762559364374837,-67.53909822877111
A,T,-51.81333476137554,-91.7996287844232
A,T,-15.278195714038295,-98.98255602239918
A,G,3.8387738848440014,73.00457023375101
A,R,158.6001861843454,-80.5422458234821
A,T,136.04007255758862,-136.21525121148068
A,G,-179.7629011472371,175.8012913023717
A,Y,141.03832642964895,-79.42929752847157
A,I,152.34765920192538,-129.7432597731816
A,P,127.82237645923962,-71.05717348245284
A,S,-24.070446202408423,-66.00894118750028
A,N,1.8344879342156835,-82.3482542498782
A,Y,0.24381012354940665,-93.45931597959621
A,V,161.0843848945704,-133.82244446426478
A,A,155.57694424560808,-141.82555179188546
A,P,144.41780192402803,-58.58256609516305
A,S,163.5976455029657,-148.6411232738546
