Chain,AA,PSI,PHI
C,K,145.420627619388,-74.52226286540996
C,R,158.4889787330184,-83.24770608946267
C,K,154.4571089944346,-107.87648940231655
C,R,150.71265751835696,-59.79297233014214
C,C,-28.90137968961406,-72.22125228892526
C,G,-10.456491651874185,83.63876876564616
C,T,-23.01432160130921,-116.77436622509109
C,C,163.82406943956977,-69.39029296800234
C,D,-44.943566462233406,-57.83471326915971
C,P,-41.66225943928439,-57.868387468479796
C,C,-23.800556778091906,-62.19123202910033
C,R,-9.93778421130199,-91.167434293013
C,R,140.99596037658768,-62.2991370847585
C,L,-26.637304401783332,-89.01607905585172
C,E,153.30086064911197,-136.7552869752069
C,N,141.4027675138872,-61.0697728306239
C,C,-26.36805630591947,-71.02835234678136
C,G,-5.608409854202553,83.90464250007547
C,S,-12.012488810746543,-134.44638801450006
C,C,174.05740421110505,-69.93593976674838
C,T,-43.0384586735376,-57.020694106787616
C,S,-36.01429265357411,-67.31384075864968
C,C,-11.607266614028221,-77.23239860174606
C,T,-50.335889510067375,-106.21027635414173
C,N,133.29198932833324,-61.86096549656006
C,R,-14.865638314135678,-82.94498389385205
C,R,-13.709381703611637,-105.73509541445418
C,T,145.22162906656393,-73.07647316963417
C,H,14.42375166726073,-107.29840126186654
C,Q,142.17339187520548,-81.68491068052846
C,I,150.80356015013982,-66.13625269209001
C,C,128.92603205910999,-38.760758615084036
C,K,-32.32202725160204,-58.761602092556195
C,L,-14.51810799875654,-76.95787390404422
C,R,-14.976529425022168,-102.76400571070037
C,K,125.8893082471029,-57.9077989202542
C,C,131.69996297675283,-61.35954501059146
C,E,-36.80360984998272,-60.67402284873924
C,V,-37.07623083923054,-67.00415118281298
C,L,-5.974067546562084,-74.7909720982746
C,K,-14.547430792940107,-78.22585677941164
C,K,143.09607525407236,-73.64877620293659
C,K,131.66639425613056,-61.29733614694664
