Chain,AA,PSI,PHI
A,F,166.2731246889783,-127.24794851751325
A,V,137.17809262439684,-127.29647392794618
A,A,131.1082083794606,-78.46566962139838
A,L,-18.86784829773127,-89.27874608749335
A,Y,152.6532328926302,-145.61155116408776
A,D,149.18098864318446,-63.183662517422675
A,Y,127.06060094198513,-142.59087914407286
A,E,135.4688910292873,-101.19630252165724
A,S,145.9420090084407,-72.36248260357326
A,R,-13.447517714190841,-106.50408585256632
A,T,-176.33055738625268,-144.1108831337808
A,E,-8.928837138876384,-76.4573423904316
A,T,-10.982767621221212,-115.72364322694365
A,D,161.9525121020066,-90.24551280673693
A,L,127.23772955261745,-101.58498549789114
A,S,146.6227294379922,-81.71907146895032
A,F,163.6090702835609,-157.29861292224237
A,K,153.42802130336804,-109.70814926725437
A,K,134.46286387315772,-47.43632218778835
A,G,-18.137094965099863,97.57017141674862
A,E,150.75678639268182,-62.836409840112196
A,R,128.76010385761236,-102.35633085483335
A,L,145.55714191081074,-126.90095325581807
A,Q,136.74712148098294,-117.24795547753406
A,I,136.10352263554626,-77.94388549147857
A,V,121.47666263579744,-93.52871195640192
A,N,133.35070812191296,-73.21247593547287
A,N,166.17558163676594,-150.78664034601005
A,S,-31.098935592601467,-70.4837926358925
A,E,-28.170788662982968,-60.29760673311647
A,G,-167.99443732363852,76.3639066081469
A,D,153.65136654293033,-66.74219083293514
A,W,141.25169116534974,-103.48385727147586
A,W,143.77526783385932,-127.23515455420987
A,L,125.59665888752869,-77.49305374960208
A,A,149.76120859780187,-134.74077711950218
A,H,126.89957817339156,-112.07191044028164
A,S,112.62039583199615,-83.31738182751396
A,L,-22.16529121229364,-66.17273394182631
A,T,-40.426086782831106,-78.64131681793603
A,T,-18.30564181013151,-111.69457106230854
A,G,-7.142427062993653,83.49558280213222
A,R,162.32545927175488,-79.1943772638578
A,T,141.20063011023353,-145.29690215416318
A,G,-174.39887720372744,164.12503971379292
A,Y,144.25912793950533,-80.91414591754283
A,I,159.05716506467408,-130.71833089327833
A,P,121.23081791142445,-88.430156703723
A,S,-28.126613310057508,-67.61948168439359
A,N,-4.746174035375095,-66.71131803986296
A,Y,-3.2883966752623515,-89.54563548877306
A,V,169.96875851915252,-130.5918072598486
A,A,152.08042231580637,-146.25667319690976
A,P,147.23172879692197,-57.984615019115616
