Chain,AA,PSI,PHI
A,V,144.36746933254523,-140.46244284206392
A,W,161.3288522007197,-154.40122294651215
A,G,150.29658364543,-158.01490436726417
A,S,127.990799383969,-136.3526867293714
B,V,146.7428166590745,-136.8118623090206
B,W,160.34021170133886,-145.3141938854559
B,G,159.9070317156246,-161.84384290958778
B,S,133.4904244564153,-142.43421241677868
