Chain,AA,PSI,PHI
A,Q,124.71227017097618,-126.78058297392423
A,V,125.98696742784259,-128.16826269874295
