Chain,AA,PSI,PHI
C,K,133.32946000739344,-126.32242378241794
C,R,151.28377516027558,-81.36071571826211
C,K,151.46037028706255,-103.54560661868996
C,R,156.67944390485783,-54.9434242051735
C,C,-34.40430430207569,-78.21497486855101
C,G,-6.565342141450211,88.08415302510178
C,V,-9.385217287121645,-127.32917529678701
C,C,163.32719349251065,-69.45642058804951
C,E,-47.76935587748777,-58.72917463787081
C,P,-38.762868933794316,-56.082371998148
C,C,-26.664729359589753,-69.00114009227656
C,Q,-7.585265089911352,-86.578184801514
C,Q,134.25672364009523,-61.724505769654876
C,K,-4.2748706191556565,-100.99717897140951
C,T,158.42327899779983,-143.46777691264376
C,N,146.5076321962697,-76.97350119696264
C,C,-30.68172165630665,-66.79382344028731
C,G,-7.695317075430857,83.80084359456744
C,E,-19.242937430851402,-121.48238470102487
C,C,167.6201793852978,-73.50774103308983
C,T,-35.55945734008108,-65.93468284304822
C,Y,-36.9928167117449,-73.22959566301869
C,C,-49.18561284700515,-62.530297634044025
C,K,-21.884462093681602,-67.0478801529368
C,N,29.757808285059372,-112.70857063588639
C,R,-42.49901483252877,-49.07594459324016
C,K,-25.386456807302242,-63.9491173476269
C,N,-20.116939521246245,-107.30120527814655
C,S,141.36292710931187,-82.92724838582052
C,H,17.12149390002658,-97.7876587551338
C,Q,139.7325014101877,-117.41653073608998
C,I,152.1168101648535,-67.48800768711523
C,C,134.5477221143929,-41.44021880996727
C,K,-27.084546869399183,-63.28043798224183
C,K,-7.878122087517028,-81.37471898197691
C,R,-9.59373399312245,-108.62963627180812
C,K,126.08922534613023,-55.82110536703779
C,C,133.7563035625917,-61.87996961284192
C,E,-31.49495359016257,-62.558718718612916
C,E,-28.00608593286067,-74.08031921924037
C,L,-16.83330268461379,-77.59074987593195
C,K,-29.590429112854853,-74.60275195246801
C,K,145.08406436692889,-79.0292797284244
