Chain,AA,PSI,PHI
A,X,130.9674985993682,-134.54584697343566
A,K,132.983792614006,-79.92234431408926
A,V,135.8687847015499,-132.94298633499614
A,W,147.45699406020012,-151.1453565554295
A,G,-157.034082199394,158.00985973400793
A,S,151.0663689261614,-126.23611030549138
A,I,128.781851877325,-130.55811174066724
A,K,-41.80911020287586,-58.348394958204686
A,R,155.12247319291305,-156.70727544989327
B,X,137.79502595608068,-130.59172891832637
B,K,144.11799753850727,-105.07215010737913
B,V,142.40489625592215,-126.69594053352668
B,W,109.04179422151238,-148.98405746933088
B,G,-144.3927406918806,-176.98883596063737
B,S,156.0145412188286,-142.59840073154027
B,I,150.21201174034448,-128.84250157014534
B,K,-27.502801658166245,-79.36742926471464
B,R,150.84313612324385,-149.87840578570987
