Chain,AA,PSI,PHI
A,T,122.01567185491295,-111.23798002215865
A,F,162.1869083811755,-107.30767300982768
A,V,135.24057703168447,-123.71105167104848
A,A,131.53031507561894,-73.66753720969973
A,L,-15.810944101792343,-89.61930355701087
A,Y,155.68902364437292,-144.83063597344133
A,D,144.45737892951746,-64.78903685283682
A,Y,132.39522227776712,-134.13144945321608
A,E,129.7913697039079,-106.63393684997978
A,S,136.63200570605693,-64.89380056347947
A,R,-14.798556566793087,-104.0455934600449
A,T,-174.71573294666302,-137.5785027709033
A,E,-9.024991541032914,-81.32055145218055
A,T,-13.5089290770333,-105.86722199577761
A,D,160.79465024766913,-91.43006637699514
A,L,125.61497983552242,-103.14811703499525
A,S,144.05540787785324,-80.49059921272702
A,F,161.98501329436695,-154.3455929452881
A,K,151.55743450327103,-110.56846429960353
A,K,133.1517367350269,-46.64499377751078
A,G,-8.3157935246994,92.83720089073616
A,E,151.42468137150428,-69.63688607831486
A,R,127.80583391891102,-102.97587535029169
A,L,141.32749753989103,-128.3338501645426
A,Q,133.72921776970855,-114.00694157434772
A,I,145.97072387849218,-77.44167972081596
A,V,106.16658007957992,-107.15774162417851
A,N,132.81671107317757,-47.09755173135651
A,N,171.4927892106038,-161.91503207239438
A,T,-21.860920331943984,-75.93555153750914
A,E,-25.788304367063294,-72.20475359046983
A,G,178.53428777895942,78.95859260442565
A,D,154.59542507722026,-56.722801278433955
A,W,140.8955004056806,-106.65214334133888
A,W,147.74231931336604,-123.53525734869484
A,L,129.12795492485486,-80.6929565480905
A,A,158.34421220698013,-139.57760626497105
A,H,128.81153339463455,-124.57032125627678
A,S,122.2629186328272,-83.76940792583177
A,L,-13.821818333391127,-78.38877829320664
A,T,-38.250004805451724,-85.69319723115183
A,T,-16.641891284197623,-115.88153002021951
A,G,0.812451892289317,81.19628436975117
A,Q,159.1150528664703,-79.35369178172013
A,T,144.99742626090614,-141.74316830980155
A,G,-174.10859995136823,159.9445313114455
A,Y,143.06408848429436,-81.62283186172168
A,I,151.7224182577067,-129.11413539641106
A,P,122.42560753764063,-81.25188699461769
A,S,-30.986080797070553,-64.11584215678238
A,N,2.1469193058173675,-72.22232077568681
A,Y,-2.2739199379007444,-94.98303891973617
A,V,164.06317315084772,-130.71581381242157
A,A,157.9608561022922,-139.27849314230676
A,P,148.02482003690545,-64.14041931487048
