Chain,AA,PSI,PHI
A,H,7.552357381820761,-106.83270856074435
A,M,8.41756146935963,-102.64300876010599
A,T,133.32915716434712,-97.55978606568766
A,F,163.45742475507907,-128.8408915279585
A,V,139.82000488276972,-125.50579254576161
A,A,128.9078615267339,-70.02824095447293
A,L,-20.86483038970643,-86.02300102613434
A,Y,157.2198911343606,-146.21456048423696
A,D,150.51499873617615,-65.43495400726285
A,Y,130.7949070917268,-145.09968186616956
A,E,128.16657059158072,-102.71064650283392
A,S,140.0222475652899,-57.2112853220161
A,R,-26.9395144825656,-103.12233444342083
A,T,-175.12057345651118,-135.36139335501605
A,E,-16.121270027362833,-76.44765950914402
A,T,-11.661169306967453,-108.54754421825577
A,D,164.55344475955317,-92.4385705983817
A,L,127.55622450654113,-118.99713137635942
A,S,153.15715858799325,-75.1923325721189
A,F,163.4233155768031,-160.16332897494794
A,K,147.98976443984452,-105.19458555541516
A,K,132.6288014308009,-49.164216377476286
A,G,-14.802738472499856,89.13770229664836
A,E,137.4388478032071,-64.81941183122177
A,R,146.54454112280493,-94.61504693275987
A,L,131.45802252810012,-136.23027557418465
A,Q,122.4508712440762,-98.37709683417982
A,I,121.84220835394392,-81.4603516184329
A,V,-17.133759104432393,-88.23150961328875
A,G,-172.91250779221807,78.04109837921541
A,D,-18.337207990239072,-90.85890139390929
A,W,128.83527859522422,-123.09979917006262
A,W,142.72839593640575,-117.33621521722473
A,L,127.01804195822668,-78.84704583781523
A,A,157.54790153249488,-138.67791598038005
A,R,125.86014934651618,-115.97843711157601
A,S,129.93160859659102,-67.2908027159585
A,L,-0.36742932545678975,-84.03711894144921
A,T,-51.436665993536515,-93.64645426784737
A,T,-15.323221648162292,-101.8008698305121
A,G,2.9150500363415057,72.82666094081793
A,K,145.9361299375232,-81.05962621437918
A,T,142.2780960127169,-111.86706186731972
A,G,-179.2224907882731,176.66011184493465
A,Y,140.7855678616718,-88.07546604872809
A,I,152.53289425500836,-126.74269405440111
A,P,119.30266577801781,-76.94501381432582
A,S,-27.14843516681969,-62.89488067639747
A,N,-8.40419130972576,-73.84946658755044
A,Y,-2.183695671231317,-90.7787703510207
A,V,153.91438313711154,-131.81203631237847
A,A,158.26193474982256,-134.77698884985583
A,P,142.63754752243563,-56.99896867570563
A,S,129.14931476542662,-134.02117730574355
