Chain,AA,PSI,PHI
A,H,9.813609585239707,-100.81135484978424
A,M,10.58154519969049,-99.17873031559287
A,T,129.11583987468376,-96.52441689115217
A,F,163.21728843269167,-126.33185742123477
A,V,140.67154212425322,-126.91163972840441
A,A,129.81976294963297,-71.99373648069346
A,L,-21.046762259456848,-85.42410642057534
A,Y,158.2464016175185,-147.42758761942366
A,D,148.9397322495455,-67.4389627220819
A,Y,131.07424713935572,-143.620287364497
A,E,126.94613820014723,-102.35071957691653
A,S,139.3519651170706,-53.9534447446409
A,R,-25.191660387403378,-104.26486448360563
A,T,179.68338978604024,-135.0356631404472
A,E,-7.474403359732435,-80.24196700955297
A,T,-12.493337829519492,-108.41405822116218
A,D,166.23057521564482,-93.22201469251289
A,L,129.77564872900186,-116.93478397716515
A,S,151.59868645480813,-77.35437028626878
A,F,162.0751204460351,-159.81644842757422
A,K,149.1527744513151,-108.45551795724623
A,K,135.93477453719598,-47.86307655331965
A,G,-14.553763045285057,88.13761282544614
A,E,136.12631891663497,-68.60653071419291
A,R,145.690563219186,-92.68177646720652
A,L,132.17828583449693,-135.2596058891799
A,Q,119.6146075186545,-99.1939509347668
A,I,126.7298684513493,-79.63508187327848
A,V,-22.97537563154622,-99.63418071687012
A,D,-25.943450879831612,-26.652071613982017
A,W,125.22464548804466,-124.60575833732521
A,W,142.21993652661638,-116.11210714348985
A,L,127.62152840247397,-79.1473233246432
A,A,157.82184827250444,-139.9379445179799
A,R,125.23248986314282,-116.28096289500257
A,S,129.042471863161,-66.20924918857133
A,L,1.6757734147120535,-84.21491851776791
A,T,-52.84223089416805,-95.36140406008856
A,T,-15.067182109559855,-99.94374943711345
A,G,1.0089175003501165,72.52703268350767
A,E,149.13237351293307,-79.33042830863923
A,T,135.09130723964432,-115.9876102386936
A,G,-179.17385797916836,-176.76054691923113
A,Y,141.136168364006,-88.80428852358237
A,I,152.17128514660294,-126.96515964053398
A,P,121.46661092834782,-76.77566643345217
A,S,-23.757871879073463,-66.53105352819703
A,N,-6.183683432774251,-76.23248131660661
A,Y,-1.542434581929961,-91.88636483902579
A,V,152.52973057755943,-131.27248193644485
A,A,159.21350196757,-133.66387997037174
A,P,141.44296164666108,-57.47801286289432
