Chain,AA,PSI,PHI
A,S,-1.4003697378408022,-173.67016732440982
A,H,15.721943875430753,-87.55941641075505
A,M,4.313897694014739,-109.00564113635535
A,T,134.06135515399657,-111.70663901363933
A,F,161.86668240362022,-136.8046770140066
A,V,139.628561185251,-124.88906316526936
A,A,129.611771470468,-70.11307832272063
A,L,-21.965885209635367,-85.27241445380196
A,Y,156.38632407975194,-145.13807701894612
A,D,151.6652034515957,-66.4238868255815
A,Y,130.5465714769081,-146.4091447577831
A,E,129.08185493756014,-102.0834613200335
A,S,140.22915478150023,-56.52961186593037
A,R,-24.375496983378792,-102.5559817189915
A,T,-178.09366179124822,-136.55237851242103
A,E,-19.256866989512176,-72.17782997411793
A,T,-14.12515433009288,-106.64296292200324
A,D,170.47143361966585,-91.84926320126725
A,L,121.17368941269697,-125.1533850880362
A,S,152.27726720407748,-70.29052210237523
A,F,162.7185179799385,-158.66605305110252
A,K,151.04662713393097,-109.32955985948892
A,K,133.15691928507917,-49.14185880725232
A,G,-15.440228987571453,90.38362926974742
A,E,137.01273683080097,-66.10100545719122
A,R,148.53151538872527,-95.10703708851887
A,L,134.77817292393303,-137.09297926124435
A,Q,127.46382248215474,-105.08669001959798
A,I,128.33650327087355,-80.65297107894102
A,V,-16.65915190513436,-105.54368397655504
A,D,-18.020474725136005,-35.314409683425026
A,W,127.88853097382722,-119.99915307774776
A,W,143.52925151923532,-116.20959227108398
A,L,124.02082227317644,-79.47132128651542
A,A,156.08535205392627,-134.69112505218166
A,R,125.42593371615622,-112.07553836141926
A,S,129.99321064773937,-66.94658916671422
A,L,-1.293181580364883,-84.2156664056732
A,T,-51.60782968124323,-91.40769927803193
A,T,-15.552523531599453,-104.3606599151089
A,G,2.0083858504054612,74.2320119116147
A,E,142.8492358621842,-76.09648589364146
A,T,126.24333814707433,-117.69985386082874
A,G,-178.54351697010205,-170.3996004334486
A,Y,141.9237013573433,-88.31464416228594
A,I,151.1783709216223,-127.87325245109356
A,P,120.54826193576677,-76.30890857248839
A,S,-28.00328896483553,-64.6055866760941
A,N,-5.426829004198976,-73.68877098986509
A,Y,-3.705336511979831,-90.2532092148113
A,V,156.17599042070094,-130.63814490794812
A,A,158.459324340477,-135.84928334728548
A,P,141.06397170990752,-52.73088565675366
