Chain,AA,PSI,PHI
A,S,6.272554023458964,173.45308321949955
A,H,18.742593891360602,-87.80716156578251
A,M,8.413470839889737,-118.43147087558945
A,T,134.4878995594972,-115.26324694768206
A,F,163.8754685013567,-138.83134689890412
A,V,141.11289448739973,-127.20980286905876
A,A,130.09109737113286,-73.07769891005123
A,L,-20.204468168123977,-86.704518289854
A,Y,156.49931853679476,-146.34756553363306
A,D,151.07098099463397,-65.97888846537688
A,Y,130.72999887600537,-144.71364705307232
A,E,128.69321283522248,-105.33151135022104
A,S,138.9573405906554,-57.87872367114338
A,R,-27.310517776972297,-105.74159868471028
A,T,-175.27370736700834,-133.1049803184241
A,E,-16.765876080908022,-74.38891975392718
A,T,-11.223762494255173,-112.36592589569932
A,D,169.67963207242562,-90.38887878408885
A,L,123.40707227452651,-124.66588004258529
A,S,153.2658810852959,-73.21846189521871
A,F,162.8440326564587,-160.3508661786132
A,K,152.46031450537205,-108.76444876452231
A,K,134.7760359137414,-49.861574168977306
A,G,-11.727367819915512,86.77838233755537
A,E,136.6149715629615,-69.85846882866879
A,R,145.34112078385215,-94.06902122148225
A,L,135.5805077419862,-136.1335635760782
A,Q,127.28141179576082,-106.33246148872344
A,I,131.48146889952062,-82.2176638347239
A,V,-17.534802863949484,-94.24314102837131
A,G,-173.65754168744814,76.27733070102322
A,D,-19.065191472859407,-94.2544208834695
A,W,128.23701702467025,-121.12529799943201
A,W,139.54785550639468,-115.65167876148784
A,L,123.323045707928,-76.7153535604637
A,A,156.72564772923653,-136.9487355117788
A,R,127.07549538412368,-115.39946981493914
A,S,130.3082067671984,-68.64579214057122
A,L,0.27046949793960606,-83.81500482563662
A,T,-52.3458283308719,-92.38438749965205
A,T,-16.3230529643677,-101.26853328841669
A,G,1.0753858199064141,73.33961231142636
A,K,151.63411895644137,-77.56061685074025
A,T,143.18141709679995,-117.32553001764931
A,G,-178.98347888582705,175.4746192442847
A,Y,139.51753177270103,-88.44561216531753
A,I,150.37403639299453,-125.78528163101544
A,P,120.96884890995963,-75.5495190615837
A,S,-26.45765142089673,-65.61917110680324
A,N,-6.886839809136625,-75.16903545393794
A,Y,-3.501886219537012,-88.55244980574342
A,V,155.39692033380882,-130.54772843207104
A,A,157.16292648708097,-133.15204827179159
A,P,142.50479954436133,-53.50875546880469
A,S,161.52095671534292,-147.19592823125444
